"indic_ef","agrarea","geo","time","values"
"AGRAREA_HA","TOTAL","AT","2013",2726890
"AGRAREA_HA","TOTAL","AT11","2013",181970
"AGRAREA_HA","TOTAL","AT12","2013",908850
"AGRAREA_HA","TOTAL","AT13","2013",8020
"AGRAREA_HA","TOTAL","AT21","2013",220340
"AGRAREA_HA","TOTAL","AT22","2013",375180
"AGRAREA_HA","TOTAL","AT31","2013",517350
"AGRAREA_HA","TOTAL","AT32","2013",178390
"AGRAREA_HA","TOTAL","AT33","2013",259010
"AGRAREA_HA","TOTAL","AT34","2013",77780
"AGRAREA_HA","TOTAL","BE","2013",1307900
"AGRAREA_HA","TOTAL","BE10","2013",2150
"AGRAREA_HA","TOTAL","BE21","2013",92510
"AGRAREA_HA","TOTAL","BE22","2013",83320
"AGRAREA_HA","TOTAL","BE23","2013",148700
"AGRAREA_HA","TOTAL","BE24","2013",85170
"AGRAREA_HA","TOTAL","BE25","2013",203490
"AGRAREA_HA","TOTAL","BE31","2013",59480
"AGRAREA_HA","TOTAL","BE32","2013",203180
"AGRAREA_HA","TOTAL","BE33","2013",151280
"AGRAREA_HA","TOTAL","BE34","2013",134020
"AGRAREA_HA","TOTAL","BE35","2013",144610
"AGRAREA_HA","TOTAL","BG","2013",4650940
"AGRAREA_HA","TOTAL","BG31","2013",936770
"AGRAREA_HA","TOTAL","BG32","2013",793430
"AGRAREA_HA","TOTAL","BG33","2013",822230
"AGRAREA_HA","TOTAL","BG34","2013",845160
"AGRAREA_HA","TOTAL","BG41","2013",554470
"AGRAREA_HA","TOTAL","BG42","2013",698880
"AGRAREA_HA","TOTAL","CY","2013",109330
"AGRAREA_HA","TOTAL","CY00","2013",109330
"AGRAREA_HA","TOTAL","CZ","2013",3491470
"AGRAREA_HA","TOTAL","CZ01","2013",13270
"AGRAREA_HA","TOTAL","CZ02","2013",553240
"AGRAREA_HA","TOTAL","CZ03","2013",731710
"AGRAREA_HA","TOTAL","CZ04","2013",312350
"AGRAREA_HA","TOTAL","CZ05","2013",560550
"AGRAREA_HA","TOTAL","CZ06","2013",719260
"AGRAREA_HA","TOTAL","CZ07","2013",393960
"AGRAREA_HA","TOTAL","CZ08","2013",207130
"AGRAREA_HA","TOTAL","DE","2013",16699580
"AGRAREA_HA","TOTAL","DE1","2013",1422460
"AGRAREA_HA","TOTAL","DE2","2013",3136230
"AGRAREA_HA","TOTAL","DE3","2013",1980
"AGRAREA_HA","TOTAL","DE4","2013",1313810
"AGRAREA_HA","TOTAL","DE5","2013",8450
"AGRAREA_HA","TOTAL","DE6","2013",14440
"AGRAREA_HA","TOTAL","DE7","2013",771890
"AGRAREA_HA","TOTAL","DE8","2013",1340960
"AGRAREA_HA","TOTAL","DE9","2013",2590900
"AGRAREA_HA","TOTAL","DEA","2013",1463030
"AGRAREA_HA","TOTAL","DEB","2013",706950
"AGRAREA_HA","TOTAL","DEC","2013",77920
"AGRAREA_HA","TOTAL","DED","2013",906640
"AGRAREA_HA","TOTAL","DEE","2013",1172780
"AGRAREA_HA","TOTAL","DEF","2013",990450
"AGRAREA_HA","TOTAL","DEG","2013",780670
"AGRAREA_HA","TOTAL","DK","2013",2619340
"AGRAREA_HA","TOTAL","DK01","2013",98480
"AGRAREA_HA","TOTAL","DK02","2013",470050
"AGRAREA_HA","TOTAL","DK03","2013",773600
"AGRAREA_HA","TOTAL","DK04","2013",791690
"AGRAREA_HA","TOTAL","DK05","2013",485520
"AGRAREA_HA","TOTAL","EE","2013",957510
"AGRAREA_HA","TOTAL","EE00","2013",957510
"AGRAREA_HA","TOTAL","EL","2013",4856780
"AGRAREA_HA","TOTAL","EL11","2013",432360
"AGRAREA_HA","TOTAL","EL12","2013",783560
"AGRAREA_HA","TOTAL","EL13","2013",402840
"AGRAREA_HA","TOTAL","EL14","2013",587180
"AGRAREA_HA","TOTAL","EL21","2013",177220
"AGRAREA_HA","TOTAL","EL22","2013",94570
"AGRAREA_HA","TOTAL","EL23","2013",385620
"AGRAREA_HA","TOTAL","EL24","2013",401810
"AGRAREA_HA","TOTAL","EL25","2013",471700
"AGRAREA_HA","TOTAL","EL30","2013",54330
"AGRAREA_HA","TOTAL","EL41","2013",245760
"AGRAREA_HA","TOTAL","EL42","2013",214010
"AGRAREA_HA","TOTAL","EL43","2013",605820
"AGRAREA_HA","TOTAL","ES","2013",23300220
"AGRAREA_HA","TOTAL","ES11","2013",655520
"AGRAREA_HA","TOTAL","ES12","2013",336310
"AGRAREA_HA","TOTAL","ES13","2013",222950
"AGRAREA_HA","TOTAL","ES21","2013",187250
"AGRAREA_HA","TOTAL","ES22","2013",546890
"AGRAREA_HA","TOTAL","ES23","2013",215840
"AGRAREA_HA","TOTAL","ES24","2013",2261690
"AGRAREA_HA","TOTAL","ES30","2013",304150
"AGRAREA_HA","TOTAL","ES41","2013",5295680
"AGRAREA_HA","TOTAL","ES42","2013",4045810
"AGRAREA_HA","TOTAL","ES43","2013",2491730
"AGRAREA_HA","TOTAL","ES51","2013",1125270
"AGRAREA_HA","TOTAL","ES52","2013",637750
"AGRAREA_HA","TOTAL","ES53","2013",176280
"AGRAREA_HA","TOTAL","ES61","2013",4369000
"AGRAREA_HA","TOTAL","ES62","2013",375860
"AGRAREA_HA","TOTAL","ES63","2013",0
"AGRAREA_HA","TOTAL","ES64","2013",0
"AGRAREA_HA","TOTAL","ES70","2013",52210
"AGRAREA_HA","TOTAL","FI","2013",2257630
"AGRAREA_HA","TOTAL","FI19","2013",780380
"AGRAREA_HA","TOTAL","FI1B","2013",180520
"AGRAREA_HA","TOTAL","FI1C","2013",616350
"AGRAREA_HA","TOTAL","FI1D","2013",661430
"AGRAREA_HA","TOTAL","FI20","2013",18960
"AGRAREA_HA","TOTAL","FR","2013",27739430
"AGRAREA_HA","TOTAL","FR10","2013",571640
"AGRAREA_HA","TOTAL","FR21","2013",1532170
"AGRAREA_HA","TOTAL","FR22","2013",1316620
"AGRAREA_HA","TOTAL","FR23","2013",764380
"AGRAREA_HA","TOTAL","FR24","2013",2302910
"AGRAREA_HA","TOTAL","FR25","2013",1229760
"AGRAREA_HA","TOTAL","FR26","2013",1745500
"AGRAREA_HA","TOTAL","FR30","2013",813380
"AGRAREA_HA","TOTAL","FR41","2013",1130340
"AGRAREA_HA","TOTAL","FR42","2013",341790
"AGRAREA_HA","TOTAL","FR43","2013",669860
"AGRAREA_HA","TOTAL","FR51","2013",2092730
"AGRAREA_HA","TOTAL","FR52","2013",1643670
"AGRAREA_HA","TOTAL","FR53","2013",1721090
"AGRAREA_HA","TOTAL","FR61","2013",1454170
"AGRAREA_HA","TOTAL","FR62","2013",2543910
"AGRAREA_HA","TOTAL","FR63","2013",850390
"AGRAREA_HA","TOTAL","FR71","2013",1507770
"AGRAREA_HA","TOTAL","FR72","2013",1426760
"AGRAREA_HA","TOTAL","FR81","2013",1002670
"AGRAREA_HA","TOTAL","FR82","2013",802030
"AGRAREA_HA","TOTAL","FR83","2013",159000
"AGRAREA_HA","TOTAL","FR91","2013",30960
"AGRAREA_HA","TOTAL","FR92","2013",24170
"AGRAREA_HA","TOTAL","FR93","2013",19570
"AGRAREA_HA","TOTAL","FR94","2013",42200
"AGRAREA_HA","TOTAL","HR","2013",1571200
"AGRAREA_HA","TOTAL","HR03","2013",467420
"AGRAREA_HA","TOTAL","HR04","2013",1103790
"AGRAREA_HA","TOTAL","HU","2013",4656520
"AGRAREA_HA","TOTAL","HU10","2013",269810
"AGRAREA_HA","TOTAL","HU21","2013",522280
"AGRAREA_HA","TOTAL","HU22","2013",512230
"AGRAREA_HA","TOTAL","HU23","2013",679470
"AGRAREA_HA","TOTAL","HU31","2013",544330
"AGRAREA_HA","TOTAL","HU32","2013",1023560
"AGRAREA_HA","TOTAL","HU33","2013",1104840
"AGRAREA_HA","TOTAL","IE","2013",4959450
"AGRAREA_HA","TOTAL","IE01","2013",2269920
"AGRAREA_HA","TOTAL","IE02","2013",2689540
"AGRAREA_HA","TOTAL","IT","2013",12098890
"AGRAREA_HA","TOTAL","ITC1","2013",948580
"AGRAREA_HA","TOTAL","ITC2","2013",52490
"AGRAREA_HA","TOTAL","ITC3","2013",37330
"AGRAREA_HA","TOTAL","ITC4","2013",922320
"AGRAREA_HA","TOTAL","ITF1","2013",424160
"AGRAREA_HA","TOTAL","ITF2","2013",174200
"AGRAREA_HA","TOTAL","ITF3","2013",509000
"AGRAREA_HA","TOTAL","ITF4","2013",1184540
"AGRAREA_HA","TOTAL","ITF5","2013",484630
"AGRAREA_HA","TOTAL","ITF6","2013",498400
"AGRAREA_HA","TOTAL","ITG1","2013",1326110
"AGRAREA_HA","TOTAL","ITG2","2013",1134540
"AGRAREA_HA","TOTAL","ITH1","2013",227900
"AGRAREA_HA","TOTAL","ITH2","2013",131410
"AGRAREA_HA","TOTAL","ITH3","2013",796250
"AGRAREA_HA","TOTAL","ITH4","2013",211130
"AGRAREA_HA","TOTAL","ITH5","2013",1034350
"AGRAREA_HA","TOTAL","ITI1","2013",691340
"AGRAREA_HA","TOTAL","ITI2","2013",300000
"AGRAREA_HA","TOTAL","ITI3","2013",442620
"AGRAREA_HA","TOTAL","ITI4","2013",567590
"AGRAREA_HA","TOTAL","LT","2013",2861250
"AGRAREA_HA","TOTAL","LT00","2013",2861250
"AGRAREA_HA","TOTAL","LU","2013",131040
"AGRAREA_HA","TOTAL","LU00","2013",131040
"AGRAREA_HA","TOTAL","LV","2013",1877720
"AGRAREA_HA","TOTAL","LV00","2013",1877720
"AGRAREA_HA","TOTAL","MT","2013",10880
"AGRAREA_HA","TOTAL","MT00","2013",10880
"AGRAREA_HA","TOTAL","NL","2013",1847570
"AGRAREA_HA","TOTAL","NL11","2013",162960
"AGRAREA_HA","TOTAL","NL12","2013",226440
"AGRAREA_HA","TOTAL","NL13","2013",150220
"AGRAREA_HA","TOTAL","NL21","2013",198730
"AGRAREA_HA","TOTAL","NL22","2013",232440
"AGRAREA_HA","TOTAL","NL23","2013",88600
"AGRAREA_HA","TOTAL","NL31","2013",64470
"AGRAREA_HA","TOTAL","NL32","2013",128040
"AGRAREA_HA","TOTAL","NL33","2013",128640
"AGRAREA_HA","TOTAL","NL34","2013",122180
"AGRAREA_HA","TOTAL","NL41","2013",246900
"AGRAREA_HA","TOTAL","NL42","2013",97940
"AGRAREA_HA","TOTAL","NO","2013",987120
"AGRAREA_HA","TOTAL","NO01","2013",77320
"AGRAREA_HA","TOTAL","NO02","2013",204030
"AGRAREA_HA","TOTAL","NO03","2013",189030
"AGRAREA_HA","TOTAL","NO04","2013",129260
"AGRAREA_HA","TOTAL","NO05","2013",137700
"AGRAREA_HA","TOTAL","NO06","2013",160560
"AGRAREA_HA","TOTAL","NO07","2013",89210
"AGRAREA_HA","TOTAL","PL","2013",14409870
"AGRAREA_HA","TOTAL","PL11","2013",968400
"AGRAREA_HA","TOTAL","PL12","2013",1842830
"AGRAREA_HA","TOTAL","PL21","2013",543640
"AGRAREA_HA","TOTAL","PL22","2013",357630
"AGRAREA_HA","TOTAL","PL31","2013",1363140
"AGRAREA_HA","TOTAL","PL32","2013",561220
"AGRAREA_HA","TOTAL","PL33","2013",491470
"AGRAREA_HA","TOTAL","PL34","2013",1058850
"AGRAREA_HA","TOTAL","PL41","2013",1722960
"AGRAREA_HA","TOTAL","PL42","2013",839070
"AGRAREA_HA","TOTAL","PL43","2013",413890
"AGRAREA_HA","TOTAL","PL51","2013",910730
"AGRAREA_HA","TOTAL","PL52","2013",520990
"AGRAREA_HA","TOTAL","PL61","2013",1039610
"AGRAREA_HA","TOTAL","PL62","2013",1048740
"AGRAREA_HA","TOTAL","PL63","2013",726690
"AGRAREA_HA","TOTAL","PT","2013",3641590
"AGRAREA_HA","TOTAL","PT11","2013",646610
"AGRAREA_HA","TOTAL","PT15","2013",92230
"AGRAREA_HA","TOTAL","PT16","2013",558020
"AGRAREA_HA","TOTAL","PT17","2013",74370
"AGRAREA_HA","TOTAL","PT18","2013",2146510
"AGRAREA_HA","TOTAL","PT20","2013",118590
"AGRAREA_HA","TOTAL","PT30","2013",5260
"AGRAREA_HA","TOTAL","RO","2013",13055850
"AGRAREA_HA","TOTAL","RO11","2013",1783180
"AGRAREA_HA","TOTAL","RO12","2013",1693990
"AGRAREA_HA","TOTAL","RO21","2013",1937080
"AGRAREA_HA","TOTAL","RO22","2013",2092500
"AGRAREA_HA","TOTAL","RO31","2013",2250950
"AGRAREA_HA","TOTAL","RO32","2013",75570
"AGRAREA_HA","TOTAL","RO41","2013",1574200
"AGRAREA_HA","TOTAL","RO42","2013",1648380
"AGRAREA_HA","TOTAL","SE","2013",3035920
"AGRAREA_HA","TOTAL","SE11","2013",92000
"AGRAREA_HA","TOTAL","SE12","2013",786510
"AGRAREA_HA","TOTAL","SE21","2013",502900
"AGRAREA_HA","TOTAL","SE22","2013",535970
"AGRAREA_HA","TOTAL","SE23","2013",652920
"AGRAREA_HA","TOTAL","SE31","2013",254480
"AGRAREA_HA","TOTAL","SE32","2013",104450
"AGRAREA_HA","TOTAL","SE33","2013",106680
"AGRAREA_HA","TOTAL","SI","2013",485760
"AGRAREA_HA","TOTAL","SI01","2013",342480
"AGRAREA_HA","TOTAL","SI02","2013",143270
"AGRAREA_HA","TOTAL","SK","2013",1901610
"AGRAREA_HA","TOTAL","SK01","2013",78640
"AGRAREA_HA","TOTAL","SK02","2013",817390
"AGRAREA_HA","TOTAL","SK03","2013",465740
"AGRAREA_HA","TOTAL","SK04","2013",539840
"AGRAREA_HA","TOTAL","UK","2013",17096170
"AGRAREA_HA","TOTAL","UKC1","2013",208350
"AGRAREA_HA","TOTAL","UKC2","2013",392980
"AGRAREA_HA","TOTAL","UKD1","2013",570830
"AGRAREA_HA","TOTAL","UKD3","2013",37130
"AGRAREA_HA","TOTAL","UKD4","2013",218720
"AGRAREA_HA","TOTAL","UKD6","2013",162980
"AGRAREA_HA","TOTAL","UKD7","2013",19880
"AGRAREA_HA","TOTAL","UKE1","2013",265560
"AGRAREA_HA","TOTAL","UKE2","2013",693220
"AGRAREA_HA","TOTAL","UKE3","2013",81260
"AGRAREA_HA","TOTAL","UKE4","2013",104780
"AGRAREA_HA","TOTAL","UKF1","2013",314890
"AGRAREA_HA","TOTAL","UKF2","2013",355550
"AGRAREA_HA","TOTAL","UKF3","2013",465820
"AGRAREA_HA","TOTAL","UKG1","2013",438370
"AGRAREA_HA","TOTAL","UKG2","2013",465360
"AGRAREA_HA","TOTAL","UKG3","2013",14160
"AGRAREA_HA","TOTAL","UKH1","2013",898170
"AGRAREA_HA","TOTAL","UKH2","2013",165930
"AGRAREA_HA","TOTAL","UKH3","2013",235540
"AGRAREA_HA","TOTAL","UKI1","2013",
"AGRAREA_HA","TOTAL","UKI2","2013",11420
"AGRAREA_HA","TOTAL","UKJ1","2013",361510
"AGRAREA_HA","TOTAL","UKJ2","2013",274410
"AGRAREA_HA","TOTAL","UKJ3","2013",241810
"AGRAREA_HA","TOTAL","UKJ4","2013",212210
"AGRAREA_HA","TOTAL","UKK1","2013",537850
"AGRAREA_HA","TOTAL","UKK2","2013",465600
"AGRAREA_HA","TOTAL","UKK3","2013",275310
"AGRAREA_HA","TOTAL","UKK4","2013",525800
"AGRAREA_HA","TOTAL","UKL1","2013",1094040
"AGRAREA_HA","TOTAL","UKL2","2013",651500
"AGRAREA_HA","TOTAL","UKM2","2013",1247660
"AGRAREA_HA","TOTAL","UKM3","2013",798340
"AGRAREA_HA","TOTAL","UKM5","2013",478770
"AGRAREA_HA","TOTAL","UKM6","2013",2763560
"AGRAREA_HA","TOTAL","UKN0","2013",1046140
"AGRAREA_HA","TOTAL","AT","2010",2878170
"AGRAREA_HA","TOTAL","AT11","2010",187890
"AGRAREA_HA","TOTAL","AT12","2010",911680
"AGRAREA_HA","TOTAL","AT13","2010",7410
"AGRAREA_HA","TOTAL","AT21","2010",253570
"AGRAREA_HA","TOTAL","AT22","2010",407260
"AGRAREA_HA","TOTAL","AT31","2010",529460
"AGRAREA_HA","TOTAL","AT32","2010",195110
"AGRAREA_HA","TOTAL","AT33","2010",290720
"AGRAREA_HA","TOTAL","AT34","2010",95070
"AGRAREA_HA","TOTAL","BE","2010",1358020
"AGRAREA_HA","TOTAL","BE10","2010",270
"AGRAREA_HA","TOTAL","BE21","2010",89150
"AGRAREA_HA","TOTAL","BE22","2010",83170
"AGRAREA_HA","TOTAL","BE23","2010",149050
"AGRAREA_HA","TOTAL","BE24","2010",87580
"AGRAREA_HA","TOTAL","BE25","2010",207910
"AGRAREA_HA","TOTAL","BE31","2010",62970
"AGRAREA_HA","TOTAL","BE32","2010",217210
"AGRAREA_HA","TOTAL","BE33","2010",159160
"AGRAREA_HA","TOTAL","BE34","2010",143830
"AGRAREA_HA","TOTAL","BE35","2010",157720
"AGRAREA_HA","TOTAL","BG","2010",4475530
"AGRAREA_HA","TOTAL","BG31","2010",881670
"AGRAREA_HA","TOTAL","BG32","2010",806130
"AGRAREA_HA","TOTAL","BG33","2010",804550
"AGRAREA_HA","TOTAL","BG34","2010",874260
"AGRAREA_HA","TOTAL","BG41","2010",480870
"AGRAREA_HA","TOTAL","BG42","2010",628040
"AGRAREA_HA","TOTAL","CH","2010",1047800
"AGRAREA_HA","TOTAL","CH01","2010",157670
"AGRAREA_HA","TOTAL","CH02","2010",369650
"AGRAREA_HA","TOTAL","CH03","2010",83120
"AGRAREA_HA","TOTAL","CH04","2010",73470
"AGRAREA_HA","TOTAL","CH05","2010",216820
"AGRAREA_HA","TOTAL","CH06","2010",132860
"AGRAREA_HA","TOTAL","CH07","2010",14220
"AGRAREA_HA","TOTAL","CY","2010",118400
"AGRAREA_HA","TOTAL","CY00","2010",118400
"AGRAREA_HA","TOTAL","CZ","2010",3483500
"AGRAREA_HA","TOTAL","CZ01","2010",11100
"AGRAREA_HA","TOTAL","CZ02","2010",554520
"AGRAREA_HA","TOTAL","CZ03","2010",732170
"AGRAREA_HA","TOTAL","CZ04","2010",318850
"AGRAREA_HA","TOTAL","CZ05","2010",559120
"AGRAREA_HA","TOTAL","CZ06","2010",714590
"AGRAREA_HA","TOTAL","CZ07","2010",384990
"AGRAREA_HA","TOTAL","CZ08","2010",208150
"AGRAREA_HA","TOTAL","DE","2010",16704040
"AGRAREA_HA","TOTAL","DE1","2010",1409990
"AGRAREA_HA","TOTAL","DE2","2010",3136840
"AGRAREA_HA","TOTAL","DE3","2010",2180
"AGRAREA_HA","TOTAL","DE4","2010",1323690
"AGRAREA_HA","TOTAL","DE5","2010",8250
"AGRAREA_HA","TOTAL","DE6","2010",14330
"AGRAREA_HA","TOTAL","DE7","2010",766440
"AGRAREA_HA","TOTAL","DE8","2010",1350880
"AGRAREA_HA","TOTAL","DE9","2010",2577020
"AGRAREA_HA","TOTAL","DEA","2010",1463090
"AGRAREA_HA","TOTAL","DEB","2010",705220
"AGRAREA_HA","TOTAL","DEC","2010",77880
"AGRAREA_HA","TOTAL","DED","2010",912740
"AGRAREA_HA","TOTAL","DEE","2010",1173090
"AGRAREA_HA","TOTAL","DEF","2010",995640
"AGRAREA_HA","TOTAL","DEG","2010",786760
"AGRAREA_HA","TOTAL","DK","2010",2646860
"AGRAREA_HA","TOTAL","DK01","2010",98560
"AGRAREA_HA","TOTAL","DK02","2010",477770
"AGRAREA_HA","TOTAL","DK03","2010",787860
"AGRAREA_HA","TOTAL","DK04","2010",791780
"AGRAREA_HA","TOTAL","DK05","2010",490900
"AGRAREA_HA","TOTAL","EE","2010",940930
"AGRAREA_HA","TOTAL","EE00","2010",940930
"AGRAREA_HA","TOTAL","EL","2010",5177510
"AGRAREA_HA","TOTAL","EL11","2010",636450
"AGRAREA_HA","TOTAL","EL12","2010",966770
"AGRAREA_HA","TOTAL","EL13","2010",307890
"AGRAREA_HA","TOTAL","EL14","2010",730080
"AGRAREA_HA","TOTAL","EL21","2010",207290
"AGRAREA_HA","TOTAL","EL22","2010",88450
"AGRAREA_HA","TOTAL","EL23","2010",400290
"AGRAREA_HA","TOTAL","EL24","2010",565740
"AGRAREA_HA","TOTAL","EL25","2010",502470
"AGRAREA_HA","TOTAL","EL30","2010",50910
"AGRAREA_HA","TOTAL","EL41","2010",168610
"AGRAREA_HA","TOTAL","EL42","2010",106080
"AGRAREA_HA","TOTAL","EL43","2010",446490
"AGRAREA_HA","TOTAL","ES","2010",23752690
"AGRAREA_HA","TOTAL","ES11","2010",647600
"AGRAREA_HA","TOTAL","ES12","2010",363180
"AGRAREA_HA","TOTAL","ES13","2010",235240
"AGRAREA_HA","TOTAL","ES21","2010",190390
"AGRAREA_HA","TOTAL","ES22","2010",545520
"AGRAREA_HA","TOTAL","ES23","2010",230220
"AGRAREA_HA","TOTAL","ES24","2010",2345700
"AGRAREA_HA","TOTAL","ES30","2010",315260
"AGRAREA_HA","TOTAL","ES41","2010",5362470
"AGRAREA_HA","TOTAL","ES42","2010",4091440
"AGRAREA_HA","TOTAL","ES43","2010",2585900
"AGRAREA_HA","TOTAL","ES51","2010",1147530
"AGRAREA_HA","TOTAL","ES52","2010",657470
"AGRAREA_HA","TOTAL","ES53","2010",182320
"AGRAREA_HA","TOTAL","ES61","2010",4402760
"AGRAREA_HA","TOTAL","ES62","2010",394540
"AGRAREA_HA","TOTAL","ES63","2010",0
"AGRAREA_HA","TOTAL","ES64","2010",0
"AGRAREA_HA","TOTAL","ES70","2010",55070
"AGRAREA_HA","TOTAL","FI","2010",2290980
"AGRAREA_HA","TOTAL","FI19","2010",793380
"AGRAREA_HA","TOTAL","FI1B","2010",184760
"AGRAREA_HA","TOTAL","FI1C","2010",627220
"AGRAREA_HA","TOTAL","FI1D","2010",665990
"AGRAREA_HA","TOTAL","FI20","2010",19620
"AGRAREA_HA","TOTAL","FR","2010",27837290
"AGRAREA_HA","TOTAL","FR10","2010",568840
"AGRAREA_HA","TOTAL","FR21","2010",1536950
"AGRAREA_HA","TOTAL","FR22","2010",1328370
"AGRAREA_HA","TOTAL","FR23","2010",774550
"AGRAREA_HA","TOTAL","FR24","2010",2311400
"AGRAREA_HA","TOTAL","FR25","2010",1210810
"AGRAREA_HA","TOTAL","FR26","2010",1762610
"AGRAREA_HA","TOTAL","FR30","2010",817990
"AGRAREA_HA","TOTAL","FR41","2010",1138400
"AGRAREA_HA","TOTAL","FR42","2010",336770
"AGRAREA_HA","TOTAL","FR43","2010",667190
"AGRAREA_HA","TOTAL","FR51","2010",2103390
"AGRAREA_HA","TOTAL","FR52","2010",1639840
"AGRAREA_HA","TOTAL","FR53","2010",1721280
"AGRAREA_HA","TOTAL","FR61","2010",1477320
"AGRAREA_HA","TOTAL","FR62","2010",2540090
"AGRAREA_HA","TOTAL","FR63","2010",838760
"AGRAREA_HA","TOTAL","FR71","2010",1516680
"AGRAREA_HA","TOTAL","FR72","2010",1469490
"AGRAREA_HA","TOTAL","FR81","2010",956590
"AGRAREA_HA","TOTAL","FR82","2010",815450
"AGRAREA_HA","TOTAL","FR83","2010",179940
"AGRAREA_HA","TOTAL","FR91","2010",31420
"AGRAREA_HA","TOTAL","FR92","2010",24980
"AGRAREA_HA","TOTAL","FR93","2010",25350
"AGRAREA_HA","TOTAL","FR94","2010",42810
"AGRAREA_HA","TOTAL","HR","2010",1316010
"AGRAREA_HA","TOTAL","HR03","2010",220380
"AGRAREA_HA","TOTAL","HR04","2010",1095630
"AGRAREA_HA","TOTAL","HU","2010",4686340
"AGRAREA_HA","TOTAL","HU10","2010",259570
"AGRAREA_HA","TOTAL","HU21","2010",531170
"AGRAREA_HA","TOTAL","HU22","2010",524370
"AGRAREA_HA","TOTAL","HU23","2010",689440
"AGRAREA_HA","TOTAL","HU31","2010",523270
"AGRAREA_HA","TOTAL","HU32","2010",1051090
"AGRAREA_HA","TOTAL","HU33","2010",1107420
"AGRAREA_HA","TOTAL","IE","2010",4991350
"AGRAREA_HA","TOTAL","IE01","2010",2297670
"AGRAREA_HA","TOTAL","IE02","2010",2693680
"AGRAREA_HA","TOTAL","IS","2010",1595670
"AGRAREA_HA","TOTAL","IS00","2010",1595670
"AGRAREA_HA","TOTAL","IT","2010",12856050
"AGRAREA_HA","TOTAL","ITC1","2010",1010780
"AGRAREA_HA","TOTAL","ITC2","2010",55600
"AGRAREA_HA","TOTAL","ITC3","2010",43780
"AGRAREA_HA","TOTAL","ITC4","2010",986830
"AGRAREA_HA","TOTAL","ITF1","2010",453630
"AGRAREA_HA","TOTAL","ITF2","2010",197520
"AGRAREA_HA","TOTAL","ITF3","2010",549530
"AGRAREA_HA","TOTAL","ITF4","2010",1285290
"AGRAREA_HA","TOTAL","ITF5","2010",519130
"AGRAREA_HA","TOTAL","ITF6","2010",549250
"AGRAREA_HA","TOTAL","ITG1","2010",1387520
"AGRAREA_HA","TOTAL","ITG2","2010",1153690
"AGRAREA_HA","TOTAL","ITH1","2010",240540
"AGRAREA_HA","TOTAL","ITH2","2010",137220
"AGRAREA_HA","TOTAL","ITH3","2010",811440
"AGRAREA_HA","TOTAL","ITH4","2010",218440
"AGRAREA_HA","TOTAL","ITH5","2010",1064210
"AGRAREA_HA","TOTAL","ITI1","2010",754340
"AGRAREA_HA","TOTAL","ITI2","2010",326880
"AGRAREA_HA","TOTAL","ITI3","2010",471830
"AGRAREA_HA","TOTAL","ITI4","2010",638600
"AGRAREA_HA","TOTAL","LT","2010",2742560
"AGRAREA_HA","TOTAL","LT00","2010",2742560
"AGRAREA_HA","TOTAL","LU","2010",131110
"AGRAREA_HA","TOTAL","LU00","2010",131110
"AGRAREA_HA","TOTAL","LV","2010",1796290
"AGRAREA_HA","TOTAL","LV00","2010",1796290
"AGRAREA_HA","TOTAL","ME","2010",221300
"AGRAREA_HA","TOTAL","ME00","2010",221300
"AGRAREA_HA","TOTAL","MT","2010",11450
"AGRAREA_HA","TOTAL","MT00","2010",11450
"AGRAREA_HA","TOTAL","NL","2010",1872350
"AGRAREA_HA","TOTAL","NL11","2010",162190
"AGRAREA_HA","TOTAL","NL12","2010",229080
"AGRAREA_HA","TOTAL","NL13","2010",149940
"AGRAREA_HA","TOTAL","NL21","2010",202620
"AGRAREA_HA","TOTAL","NL22","2010",238200
"AGRAREA_HA","TOTAL","NL23","2010",89310
"AGRAREA_HA","TOTAL","NL31","2010",66630
"AGRAREA_HA","TOTAL","NL32","2010",130690
"AGRAREA_HA","TOTAL","NL33","2010",134190
"AGRAREA_HA","TOTAL","NL34","2010",117990
"AGRAREA_HA","TOTAL","NL41","2010",251400
"AGRAREA_HA","TOTAL","NL42","2010",100100
"AGRAREA_HA","TOTAL","NO","2010",1005940
"AGRAREA_HA","TOTAL","NO01","2010",78210
"AGRAREA_HA","TOTAL","NO02","2010",208120
"AGRAREA_HA","TOTAL","NO03","2010",192310
"AGRAREA_HA","TOTAL","NO04","2010",130100
"AGRAREA_HA","TOTAL","NO05","2010",143330
"AGRAREA_HA","TOTAL","NO06","2010",161960
"AGRAREA_HA","TOTAL","NO07","2010",91910
"AGRAREA_HA","TOTAL","PL","2010",14447290
"AGRAREA_HA","TOTAL","PL11","2010",957060
"AGRAREA_HA","TOTAL","PL12","2010",1834790
"AGRAREA_HA","TOTAL","PL21","2010",565200
"AGRAREA_HA","TOTAL","PL22","2010",357310
"AGRAREA_HA","TOTAL","PL31","2010",1356740
"AGRAREA_HA","TOTAL","PL32","2010",569520
"AGRAREA_HA","TOTAL","PL33","2010",503000
"AGRAREA_HA","TOTAL","PL34","2010",1031750
"AGRAREA_HA","TOTAL","PL41","2010",1722000
"AGRAREA_HA","TOTAL","PL42","2010",897290
"AGRAREA_HA","TOTAL","PL43","2010",417700
"AGRAREA_HA","TOTAL","PL51","2010",909470
"AGRAREA_HA","TOTAL","PL52","2010",509060
"AGRAREA_HA","TOTAL","PL61","2010",1055670
"AGRAREA_HA","TOTAL","PL62","2010",1028820
"AGRAREA_HA","TOTAL","PL63","2010",731930
"AGRAREA_HA","TOTAL","PT","2010",3668150
"AGRAREA_HA","TOTAL","PT11","2010",644030
"AGRAREA_HA","TOTAL","PT15","2010",88300
"AGRAREA_HA","TOTAL","PT16","2010",570000
"AGRAREA_HA","TOTAL","PT17","2010",87590
"AGRAREA_HA","TOTAL","PT18","2010",2152390
"AGRAREA_HA","TOTAL","PT20","2010",120410
"AGRAREA_HA","TOTAL","PT30","2010",5430
"AGRAREA_HA","TOTAL","RO","2010",13306130
"AGRAREA_HA","TOTAL","RO11","2010",1808350
"AGRAREA_HA","TOTAL","RO12","2010",1627290
"AGRAREA_HA","TOTAL","RO21","2010",1940160
"AGRAREA_HA","TOTAL","RO22","2010",2194370
"AGRAREA_HA","TOTAL","RO31","2010",2333680
"AGRAREA_HA","TOTAL","RO32","2010",62450
"AGRAREA_HA","TOTAL","RO41","2010",1608410
"AGRAREA_HA","TOTAL","RO42","2010",1731410
"AGRAREA_HA","TOTAL","SE","2010",3066320
"AGRAREA_HA","TOTAL","SE11","2010",94840
"AGRAREA_HA","TOTAL","SE12","2010",789860
"AGRAREA_HA","TOTAL","SE21","2010",502800
"AGRAREA_HA","TOTAL","SE22","2010",545800
"AGRAREA_HA","TOTAL","SE23","2010",655380
"AGRAREA_HA","TOTAL","SE31","2010",261230
"AGRAREA_HA","TOTAL","SE32","2010",106400
"AGRAREA_HA","TOTAL","SE33","2010",110000
"AGRAREA_HA","TOTAL","SI","2010",482650
"AGRAREA_HA","TOTAL","SI01","2010",343520
"AGRAREA_HA","TOTAL","SI02","2010",139130
"AGRAREA_HA","TOTAL","SK","2010",1895500
"AGRAREA_HA","TOTAL","SK01","2010",75810
"AGRAREA_HA","TOTAL","SK02","2010",812180
"AGRAREA_HA","TOTAL","SK03","2010",466030
"AGRAREA_HA","TOTAL","SK04","2010",541480
"AGRAREA_HA","TOTAL","UK","2010",16881690
"AGRAREA_HA","TOTAL","UKC1","2010",205130
"AGRAREA_HA","TOTAL","UKC2","2010",382920
"AGRAREA_HA","TOTAL","UKD1","2010",554930
"AGRAREA_HA","TOTAL","UKD3","2010",40720
"AGRAREA_HA","TOTAL","UKD4","2010",210630
"AGRAREA_HA","TOTAL","UKD6","2010",158500
"AGRAREA_HA","TOTAL","UKD7","2010",17970
"AGRAREA_HA","TOTAL","UKE1","2010",263640
"AGRAREA_HA","TOTAL","UKE2","2010",674350
"AGRAREA_HA","TOTAL","UKE3","2010",78930
"AGRAREA_HA","TOTAL","UKE4","2010",101890
"AGRAREA_HA","TOTAL","UKF1","2010",309770
"AGRAREA_HA","TOTAL","UKF2","2010",357990
"AGRAREA_HA","TOTAL","UKF3","2010",466680
"AGRAREA_HA","TOTAL","UKG1","2010",421480
"AGRAREA_HA","TOTAL","UKG2","2010",449120
"AGRAREA_HA","TOTAL","UKG3","2010",14330
"AGRAREA_HA","TOTAL","UKH1","2010",894570
"AGRAREA_HA","TOTAL","UKH2","2010",169330
"AGRAREA_HA","TOTAL","UKH3","2010",241880
"AGRAREA_HA","TOTAL","UKI1","2010",
"AGRAREA_HA","TOTAL","UKI2","2010",11270
"AGRAREA_HA","TOTAL","UKJ1","2010",354640
"AGRAREA_HA","TOTAL","UKJ2","2010",273590
"AGRAREA_HA","TOTAL","UKJ3","2010",231000
"AGRAREA_HA","TOTAL","UKJ4","2010",215050
"AGRAREA_HA","TOTAL","UKK1","2010",516110
"AGRAREA_HA","TOTAL","UKK2","2010",448790
"AGRAREA_HA","TOTAL","UKK3","2010",260970
"AGRAREA_HA","TOTAL","UKK4","2010",504410
"AGRAREA_HA","TOTAL","UKL1","2010",990050
"AGRAREA_HA","TOTAL","UKL2","2010",609600
"AGRAREA_HA","TOTAL","UKM2","2010",1288230
"AGRAREA_HA","TOTAL","UKM3","2010",813210
"AGRAREA_HA","TOTAL","UKM5","2010",454640
"AGRAREA_HA","TOTAL","UKM6","2010",2880860
"AGRAREA_HA","TOTAL","UKN0","2010",1013650
"AGRAREA_HA","TOTAL","AT","2007",3189110
"AGRAREA_HA","TOTAL","AT11","2007",188430
"AGRAREA_HA","TOTAL","AT12","2007",918360
"AGRAREA_HA","TOTAL","AT13","2007",7990
"AGRAREA_HA","TOTAL","AT21","2007",290370
"AGRAREA_HA","TOTAL","AT22","2007",457020
"AGRAREA_HA","TOTAL","AT31","2007",556720
"AGRAREA_HA","TOTAL","AT32","2007",236520
"AGRAREA_HA","TOTAL","AT33","2007",435380
"AGRAREA_HA","TOTAL","AT34","2007",98330
"AGRAREA_HA","TOTAL","BE","2007",1374430
"AGRAREA_HA","TOTAL","BE10","2007",310
"AGRAREA_HA","TOTAL","BE21","2007",89880
"AGRAREA_HA","TOTAL","BE22","2007",84590
"AGRAREA_HA","TOTAL","BE23","2007",151550
"AGRAREA_HA","TOTAL","BE24","2007",87680
"AGRAREA_HA","TOTAL","BE25","2007",210100
"AGRAREA_HA","TOTAL","BE31","2007",64690
"AGRAREA_HA","TOTAL","BE32","2007",219070
"AGRAREA_HA","TOTAL","BE33","2007",159820
"AGRAREA_HA","TOTAL","BE34","2007",146200
"AGRAREA_HA","TOTAL","BE35","2007",160560
"AGRAREA_HA","TOTAL","BG","2007",3050740
"AGRAREA_HA","TOTAL","BG31","2007",614290
"AGRAREA_HA","TOTAL","BG32","2007",661130
"AGRAREA_HA","TOTAL","BG33","2007",655260
"AGRAREA_HA","TOTAL","BG34","2007",561280
"AGRAREA_HA","TOTAL","BG41","2007",193350
"AGRAREA_HA","TOTAL","BG42","2007",365420
"AGRAREA_HA","TOTAL","CH","2007",1056700
"AGRAREA_HA","TOTAL","CH01","2007",158500
"AGRAREA_HA","TOTAL","CH02","2007",372930
"AGRAREA_HA","TOTAL","CH03","2007",83800
"AGRAREA_HA","TOTAL","CH04","2007",74180
"AGRAREA_HA","TOTAL","CH05","2007",218960
"AGRAREA_HA","TOTAL","CH06","2007",134330
"AGRAREA_HA","TOTAL","CH07","2007",13990
"AGRAREA_HA","TOTAL","CY","2007",146000
"AGRAREA_HA","TOTAL","CY00","2007",146000
"AGRAREA_HA","TOTAL","CZ","2007",3518070
"AGRAREA_HA","TOTAL","CZ01","2007",32140
"AGRAREA_HA","TOTAL","CZ02","2007",547530
"AGRAREA_HA","TOTAL","CZ03","2007",734840
"AGRAREA_HA","TOTAL","CZ04","2007",309750
"AGRAREA_HA","TOTAL","CZ05","2007",554610
"AGRAREA_HA","TOTAL","CZ06","2007",735350
"AGRAREA_HA","TOTAL","CZ07","2007",393040
"AGRAREA_HA","TOTAL","CZ08","2007",210810
"AGRAREA_HA","TOTAL","DE","2007",16931900
"AGRAREA_HA","TOTAL","DE1","2007",1436690
"AGRAREA_HA","TOTAL","DE2","2007",3211950
"AGRAREA_HA","TOTAL","DE3","2007",2250
"AGRAREA_HA","TOTAL","DE3_5_6","2007",24760
"AGRAREA_HA","TOTAL","DE4","2007",1334630
"AGRAREA_HA","TOTAL","DE5","2007",8470
"AGRAREA_HA","TOTAL","DE6","2007",14030
"AGRAREA_HA","TOTAL","DE7","2007",778040
"AGRAREA_HA","TOTAL","DE8","2007",1348800
"AGRAREA_HA","TOTAL","DE9","2007",2620130
"AGRAREA_HA","TOTAL","DEA","2007",1508960
"AGRAREA_HA","TOTAL","DEB","2007",716860
"AGRAREA_HA","TOTAL","DEC","2007",76540
"AGRAREA_HA","TOTAL","DED","2007",917200
"AGRAREA_HA","TOTAL","DEE","2007",1172920
"AGRAREA_HA","TOTAL","DEF","2007",990720
"AGRAREA_HA","TOTAL","DEG","2007",793710
"AGRAREA_HA","TOTAL","DK","2007",2662590
"AGRAREA_HA","TOTAL","DK01","2007",98570
"AGRAREA_HA","TOTAL","DK02","2007",480810
"AGRAREA_HA","TOTAL","DK03","2007",792320
"AGRAREA_HA","TOTAL","DK04","2007",801190
"AGRAREA_HA","TOTAL","DK05","2007",489700
"AGRAREA_HA","TOTAL","EE","2007",906830
"AGRAREA_HA","TOTAL","EE00","2007",906830
"AGRAREA_HA","TOTAL","EL","2007",4076230
"AGRAREA_HA","TOTAL","EL11","2007",408870
"AGRAREA_HA","TOTAL","EL12","2007",732960
"AGRAREA_HA","TOTAL","EL13","2007",261050
"AGRAREA_HA","TOTAL","EL14","2007",456300
"AGRAREA_HA","TOTAL","EL21","2007",143600
"AGRAREA_HA","TOTAL","EL22","2007",94230
"AGRAREA_HA","TOTAL","EL23","2007",370580
"AGRAREA_HA","TOTAL","EL24","2007",377180
"AGRAREA_HA","TOTAL","EL25","2007",409670
"AGRAREA_HA","TOTAL","EL30","2007",51260
"AGRAREA_HA","TOTAL","EL41","2007",200120
"AGRAREA_HA","TOTAL","EL42","2007",120990
"AGRAREA_HA","TOTAL","EL43","2007",449410
"AGRAREA_HA","TOTAL","ES","2007",24892520
"AGRAREA_HA","TOTAL","ES11","2007",748660
"AGRAREA_HA","TOTAL","ES12","2007",385060
"AGRAREA_HA","TOTAL","ES13","2007",285730
"AGRAREA_HA","TOTAL","ES21","2007",242780
"AGRAREA_HA","TOTAL","ES22","2007",588350
"AGRAREA_HA","TOTAL","ES23","2007",244760
"AGRAREA_HA","TOTAL","ES24","2007",2398270
"AGRAREA_HA","TOTAL","ES30","2007",343190
"AGRAREA_HA","TOTAL","ES41","2007",5471310
"AGRAREA_HA","TOTAL","ES42","2007",4468990
"AGRAREA_HA","TOTAL","ES43","2007",2700730
"AGRAREA_HA","TOTAL","ES51","2007",1166540
"AGRAREA_HA","TOTAL","ES52","2007",686570
"AGRAREA_HA","TOTAL","ES53","2007",194260
"AGRAREA_HA","TOTAL","ES61","2007",4508820
"AGRAREA_HA","TOTAL","ES62","2007",400220
"AGRAREA_HA","TOTAL","ES63","2007",0
"AGRAREA_HA","TOTAL","ES64","2007",0
"AGRAREA_HA","TOTAL","ES70","2007",58240
"AGRAREA_HA","TOTAL","FI","2007",2292290
"AGRAREA_HA","TOTAL","FI13","2007",339500
"AGRAREA_HA","TOTAL","FI18","2007",813740
"AGRAREA_HA","TOTAL","FI19","2007",793230
"AGRAREA_HA","TOTAL","FI1A","2007",325880
"AGRAREA_HA","TOTAL","FI1B","2007",186810
"AGRAREA_HA","TOTAL","FI1C","2007",626930
"AGRAREA_HA","TOTAL","FI1D","2007",665380
"AGRAREA_HA","TOTAL","FI20","2007",19930
"AGRAREA_HA","TOTAL","FR","2007",27476930
"AGRAREA_HA","TOTAL","FR10","2007",562470
"AGRAREA_HA","TOTAL","FR21","2007",1569030
"AGRAREA_HA","TOTAL","FR22","2007",1318030
"AGRAREA_HA","TOTAL","FR23","2007",787990
"AGRAREA_HA","TOTAL","FR24","2007",2296180
"AGRAREA_HA","TOTAL","FR25","2007",1224990
"AGRAREA_HA","TOTAL","FR26","2007",1758210
"AGRAREA_HA","TOTAL","FR30","2007",818700
"AGRAREA_HA","TOTAL","FR41","2007",1128060
"AGRAREA_HA","TOTAL","FR42","2007",332540
"AGRAREA_HA","TOTAL","FR43","2007",663440
"AGRAREA_HA","TOTAL","FR51","2007",2174460
"AGRAREA_HA","TOTAL","FR52","2007",1658100
"AGRAREA_HA","TOTAL","FR53","2007",1722340
"AGRAREA_HA","TOTAL","FR61","2007",1411170
"AGRAREA_HA","TOTAL","FR62","2007",2343860
"AGRAREA_HA","TOTAL","FR63","2007",856230
"AGRAREA_HA","TOTAL","FR71","2007",1482890
"AGRAREA_HA","TOTAL","FR72","2007",1499120
"AGRAREA_HA","TOTAL","FR81","2007",942970
"AGRAREA_HA","TOTAL","FR82","2007",656020
"AGRAREA_HA","TOTAL","FR83","2007",149030
"AGRAREA_HA","TOTAL","FR91","2007",34790
"AGRAREA_HA","TOTAL","FR92","2007",25330
"AGRAREA_HA","TOTAL","FR93","2007",16940
"AGRAREA_HA","TOTAL","FR94","2007",44030
"AGRAREA_HA","TOTAL","HR","2007",978670
"AGRAREA_HA","TOTAL","HR03","2007",114720
"AGRAREA_HA","TOTAL","HR04","2007",863960
"AGRAREA_HA","TOTAL","HU","2007",4228580
"AGRAREA_HA","TOTAL","HU10","2007",303010
"AGRAREA_HA","TOTAL","HU21","2007",491960
"AGRAREA_HA","TOTAL","HU22","2007",472210
"AGRAREA_HA","TOTAL","HU23","2007",623570
"AGRAREA_HA","TOTAL","HU31","2007",433590
"AGRAREA_HA","TOTAL","HU32","2007",946620
"AGRAREA_HA","TOTAL","HU33","2007",957620
"AGRAREA_HA","TOTAL","IE","2007",4139240
"AGRAREA_HA","TOTAL","IE01","2007",1819440
"AGRAREA_HA","TOTAL","IE02","2007",2319800
"AGRAREA_HA","TOTAL","IT","2007",12744200
"AGRAREA_HA","TOTAL","ITC1","2007",1040180
"AGRAREA_HA","TOTAL","ITC2","2007",67880
"AGRAREA_HA","TOTAL","ITC3","2007",49410
"AGRAREA_HA","TOTAL","ITC4","2007",995320
"AGRAREA_HA","TOTAL","ITD1","2007",258010
"AGRAREA_HA","TOTAL","ITD2","2007",141130
"AGRAREA_HA","TOTAL","ITD3","2007",820200
"AGRAREA_HA","TOTAL","ITD4","2007",228060
"AGRAREA_HA","TOTAL","ITD5","2007",1052590
"AGRAREA_HA","TOTAL","ITE1","2007",806430
"AGRAREA_HA","TOTAL","ITE2","2007",339400
"AGRAREA_HA","TOTAL","ITE3","2007",496420
"AGRAREA_HA","TOTAL","ITE4","2007",674010
"AGRAREA_HA","TOTAL","ITF1","2007",434010
"AGRAREA_HA","TOTAL","ITF2","2007",200260
"AGRAREA_HA","TOTAL","ITF3","2007",562880
"AGRAREA_HA","TOTAL","ITF4","2007",1197380
"AGRAREA_HA","TOTAL","ITF5","2007",542260
"AGRAREA_HA","TOTAL","ITF6","2007",514050
"AGRAREA_HA","TOTAL","ITG1","2007",1251850
"AGRAREA_HA","TOTAL","ITG2","2007",1072470
"AGRAREA_HA","TOTAL","ITH1","2007",258010
"AGRAREA_HA","TOTAL","ITH2","2007",141130
"AGRAREA_HA","TOTAL","ITH3","2007",820200
"AGRAREA_HA","TOTAL","ITH4","2007",228060
"AGRAREA_HA","TOTAL","ITH5","2007",1065170
"AGRAREA_HA","TOTAL","ITI1","2007",806430
"AGRAREA_HA","TOTAL","ITI2","2007",339400
"AGRAREA_HA","TOTAL","ITI3","2007",483830
"AGRAREA_HA","TOTAL","ITI4","2007",674010
"AGRAREA_HA","TOTAL","LT","2007",2648950
"AGRAREA_HA","TOTAL","LT00","2007",2648950
"AGRAREA_HA","TOTAL","LU","2007",130880
"AGRAREA_HA","TOTAL","LU00","2007",130880
"AGRAREA_HA","TOTAL","LV","2007",1773840
"AGRAREA_HA","TOTAL","LV00","2007",1773840
"AGRAREA_HA","TOTAL","MT","2007",10330
"AGRAREA_HA","TOTAL","MT00","2007",10330
"AGRAREA_HA","TOTAL","NL","2007",1914330
"AGRAREA_HA","TOTAL","NL11","2007",162180
"AGRAREA_HA","TOTAL","NL12","2007",234180
"AGRAREA_HA","TOTAL","NL13","2007",152170
"AGRAREA_HA","TOTAL","NL21","2007",209660
"AGRAREA_HA","TOTAL","NL22","2007",242940
"AGRAREA_HA","TOTAL","NL23","2007",90820
"AGRAREA_HA","TOTAL","NL31","2007",69950
"AGRAREA_HA","TOTAL","NL32","2007",132160
"AGRAREA_HA","TOTAL","NL33","2007",140880
"AGRAREA_HA","TOTAL","NL34","2007",120020
"AGRAREA_HA","TOTAL","NL41","2007",256850
"AGRAREA_HA","TOTAL","NL42","2007",102510
"AGRAREA_HA","TOTAL","NO","2007",1031990
"AGRAREA_HA","TOTAL","NO01","2007",79620
"AGRAREA_HA","TOTAL","NO02","2007",212190
"AGRAREA_HA","TOTAL","NO03","2007",196940
"AGRAREA_HA","TOTAL","NO04","2007",132180
"AGRAREA_HA","TOTAL","NO05","2007",147940
"AGRAREA_HA","TOTAL","NO06","2007",165910
"AGRAREA_HA","TOTAL","NO07","2007",97210
"AGRAREA_HA","TOTAL","PL","2007",15477190
"AGRAREA_HA","TOTAL","PL11","2007",1075090
"AGRAREA_HA","TOTAL","PL12","2007",2029600
"AGRAREA_HA","TOTAL","PL21","2007",661730
"AGRAREA_HA","TOTAL","PL22","2007",404260
"AGRAREA_HA","TOTAL","PL31","2007",1530840
"AGRAREA_HA","TOTAL","PL32","2007",712630
"AGRAREA_HA","TOTAL","PL33","2007",558980
"AGRAREA_HA","TOTAL","PL34","2007",1093270
"AGRAREA_HA","TOTAL","PL41","2007",1746110
"AGRAREA_HA","TOTAL","PL42","2007",916010
"AGRAREA_HA","TOTAL","PL43","2007",457290
"AGRAREA_HA","TOTAL","PL51","2007",1007900
"AGRAREA_HA","TOTAL","PL52","2007",552730
"AGRAREA_HA","TOTAL","PL61","2007",1031090
"AGRAREA_HA","TOTAL","PL62","2007",966100
"AGRAREA_HA","TOTAL","PL63","2007",733560
"AGRAREA_HA","TOTAL","PT","2007",3472940
"AGRAREA_HA","TOTAL","PT11","2007",694990
"AGRAREA_HA","TOTAL","PT15","2007",102760
"AGRAREA_HA","TOTAL","PT16","2007",584290
"AGRAREA_HA","TOTAL","PT17","2007",81900
"AGRAREA_HA","TOTAL","PT18","2007",1893090
"AGRAREA_HA","TOTAL","PT20","2007",112050
"AGRAREA_HA","TOTAL","PT30","2007",3860
"AGRAREA_HA","TOTAL","RO","2007",13753050
"AGRAREA_HA","TOTAL","RO11","2007",1962060
"AGRAREA_HA","TOTAL","RO12","2007",1762930
"AGRAREA_HA","TOTAL","RO21","2007",2087970
"AGRAREA_HA","TOTAL","RO22","2007",2187990
"AGRAREA_HA","TOTAL","RO31","2007",2255530
"AGRAREA_HA","TOTAL","RO32","2007",187700
"AGRAREA_HA","TOTAL","RO41","2007",1629490
"AGRAREA_HA","TOTAL","RO42","2007",1679380
"AGRAREA_HA","TOTAL","SE","2007",3118000
"AGRAREA_HA","TOTAL","SE11","2007",97470
"AGRAREA_HA","TOTAL","SE12","2007",802040
"AGRAREA_HA","TOTAL","SE21","2007",518400
"AGRAREA_HA","TOTAL","SE22","2007",551140
"AGRAREA_HA","TOTAL","SE23","2007",660860
"AGRAREA_HA","TOTAL","SE31","2007",266950
"AGRAREA_HA","TOTAL","SE32","2007",110100
"AGRAREA_HA","TOTAL","SE33","2007",111050
"AGRAREA_HA","TOTAL","SI","2007",488770
"AGRAREA_HA","TOTAL","SI01","2007",340010
"AGRAREA_HA","TOTAL","SI02","2007",148760
"AGRAREA_HA","TOTAL","SK","2007",1936620
"AGRAREA_HA","TOTAL","SK01","2007",72990
"AGRAREA_HA","TOTAL","SK02","2007",834950
"AGRAREA_HA","TOTAL","SK03","2007",480710
"AGRAREA_HA","TOTAL","SK04","2007",547970
"AGRAREA_HA","TOTAL","UK","2007",16043160
"AGRAREA_HA","TOTAL","UKC1","2007",179840
"AGRAREA_HA","TOTAL","UKC2","2007",379690
"AGRAREA_HA","TOTAL","UKD1","2007",449290
"AGRAREA_HA","TOTAL","UKD2","2007",164600
"AGRAREA_HA","TOTAL","UKD3","2007",36970
"AGRAREA_HA","TOTAL","UKD4","2007",216020
"AGRAREA_HA","TOTAL","UKD5","2007",16950
"AGRAREA_HA","TOTAL","UKD6","2007",162740
"AGRAREA_HA","TOTAL","UKD7","2007",18810
"AGRAREA_HA","TOTAL","UKE1","2007",267770
"AGRAREA_HA","TOTAL","UKE2","2007",604250
"AGRAREA_HA","TOTAL","UKE3","2007",77640
"AGRAREA_HA","TOTAL","UKE4","2007",93420
"AGRAREA_HA","TOTAL","UKF1","2007",317710
"AGRAREA_HA","TOTAL","UKF2","2007",366470
"AGRAREA_HA","TOTAL","UKF3","2007",488500
"AGRAREA_HA","TOTAL","UKG1","2007",429680
"AGRAREA_HA","TOTAL","UKG2","2007",460580
"AGRAREA_HA","TOTAL","UKG3","2007",14300
"AGRAREA_HA","TOTAL","UKH1","2007",911600
"AGRAREA_HA","TOTAL","UKH2","2007",168730
"AGRAREA_HA","TOTAL","UKH3","2007",237450
"AGRAREA_HA","TOTAL","UKI1","2007",180
"AGRAREA_HA","TOTAL","UKI2","2007",11240
"AGRAREA_HA","TOTAL","UKJ1","2007",356870
"AGRAREA_HA","TOTAL","UKJ2","2007",269670
"AGRAREA_HA","TOTAL","UKJ3","2007",215120
"AGRAREA_HA","TOTAL","UKJ4","2007",221180
"AGRAREA_HA","TOTAL","UKK1","2007",525370
"AGRAREA_HA","TOTAL","UKK2","2007",461760
"AGRAREA_HA","TOTAL","UKK3","2007",265190
"AGRAREA_HA","TOTAL","UKK4","2007",487180
"AGRAREA_HA","TOTAL","UKL1","2007",861380
"AGRAREA_HA","TOTAL","UKL2","2007",511520
"AGRAREA_HA","TOTAL","UKM2","2007",1297730
"AGRAREA_HA","TOTAL","UKM3","2007",774750
"AGRAREA_HA","TOTAL","UKM5","2007",465710
"AGRAREA_HA","TOTAL","UKM6","2007",2429970
"AGRAREA_HA","TOTAL","UKN0","2007",1006890
"AGRAREA_HA","TOTAL","AT","2005",3266240
"AGRAREA_HA","TOTAL","AT11","2005",189100
"AGRAREA_HA","TOTAL","AT12","2005",940940
"AGRAREA_HA","TOTAL","AT13","2005",8390
"AGRAREA_HA","TOTAL","AT21","2005",305960
"AGRAREA_HA","TOTAL","AT22","2005",463930
"AGRAREA_HA","TOTAL","AT31","2005",565070
"AGRAREA_HA","TOTAL","AT32","2005",267040
"AGRAREA_HA","TOTAL","AT33","2005",419070
"AGRAREA_HA","TOTAL","AT34","2005",106750
"AGRAREA_HA","TOTAL","BE","2005",1385580
"AGRAREA_HA","TOTAL","BE10","2005",350
"AGRAREA_HA","TOTAL","BE21","2005",90530
"AGRAREA_HA","TOTAL","BE22","2005",85520
"AGRAREA_HA","TOTAL","BE23","2005",153110
"AGRAREA_HA","TOTAL","BE24","2005",88050
"AGRAREA_HA","TOTAL","BE25","2005",212480
"AGRAREA_HA","TOTAL","BE31","2005",63460
"AGRAREA_HA","TOTAL","BE32","2005",220600
"AGRAREA_HA","TOTAL","BE33","2005",159190
"AGRAREA_HA","TOTAL","BE34","2005",147460
"AGRAREA_HA","TOTAL","BE35","2005",164830
"AGRAREA_HA","TOTAL","BG","2005",2729390
"AGRAREA_HA","TOTAL","BG31","2005",535420
"AGRAREA_HA","TOTAL","BG32","2005",576710
"AGRAREA_HA","TOTAL","BG33","2005",640460
"AGRAREA_HA","TOTAL","BG34","2005",537710
"AGRAREA_HA","TOTAL","BG41","2005",138270
"AGRAREA_HA","TOTAL","BG42","2005",300820
"AGRAREA_HA","TOTAL","CH","2005",1061670
"AGRAREA_HA","TOTAL","CH01","2005",160110
"AGRAREA_HA","TOTAL","CH02","2005",374060
"AGRAREA_HA","TOTAL","CH03","2005",83650
"AGRAREA_HA","TOTAL","CH04","2005",74600
"AGRAREA_HA","TOTAL","CH05","2005",220220
"AGRAREA_HA","TOTAL","CH06","2005",135180
"AGRAREA_HA","TOTAL","CH07","2005",13850
"AGRAREA_HA","TOTAL","CY","2005",151500
"AGRAREA_HA","TOTAL","CY00","2005",151500
"AGRAREA_HA","TOTAL","CZ","2005",3557790
"AGRAREA_HA","TOTAL","CZ01","2005",34310
"AGRAREA_HA","TOTAL","CZ02","2005",549880
"AGRAREA_HA","TOTAL","CZ03","2005",750270
"AGRAREA_HA","TOTAL","CZ04","2005",312670
"AGRAREA_HA","TOTAL","CZ05","2005",558760
"AGRAREA_HA","TOTAL","CZ06","2005",740060
"AGRAREA_HA","TOTAL","CZ07","2005",392350
"AGRAREA_HA","TOTAL","CZ08","2005",219470
"AGRAREA_HA","TOTAL","DE","2005",17035220
"AGRAREA_HA","TOTAL","DE1","2005",1446650
"AGRAREA_HA","TOTAL","DE2","2005",3264730
"AGRAREA_HA","TOTAL","DE3_5_6","2005",24790
"AGRAREA_HA","TOTAL","DE4","2005",1346820
"AGRAREA_HA","TOTAL","DE7","2005",769080
"AGRAREA_HA","TOTAL","DE8","2005",1349210
"AGRAREA_HA","TOTAL","DE9","2005",2626470
"AGRAREA_HA","TOTAL","DEA","2005",1523750
"AGRAREA_HA","TOTAL","DEB","2005",713760
"AGRAREA_HA","TOTAL","DEC","2005",77450
"AGRAREA_HA","TOTAL","DED","2005",912520
"AGRAREA_HA","TOTAL","DEE","2005",1171970
"AGRAREA_HA","TOTAL","DEF","2005",1008600
"AGRAREA_HA","TOTAL","DEG","2005",799440
"AGRAREA_HA","TOTAL","DK","2005",2707690
"AGRAREA_HA","TOTAL","DK01","2005",101700
"AGRAREA_HA","TOTAL","DK02","2005",491480
"AGRAREA_HA","TOTAL","DK03","2005",809400
"AGRAREA_HA","TOTAL","DK04","2005",821610
"AGRAREA_HA","TOTAL","DK05","2005",483500
"AGRAREA_HA","TOTAL","EE","2005",828930
"AGRAREA_HA","TOTAL","EE00","2005",828930
"AGRAREA_HA","TOTAL","EL","2005",3983790
"AGRAREA_HA","TOTAL","EL11","2005",397880
"AGRAREA_HA","TOTAL","EL12","2005",701280
"AGRAREA_HA","TOTAL","EL13","2005",233450
"AGRAREA_HA","TOTAL","EL14","2005",440290
"AGRAREA_HA","TOTAL","EL21","2005",123380
"AGRAREA_HA","TOTAL","EL22","2005",95920
"AGRAREA_HA","TOTAL","EL23","2005",371580
"AGRAREA_HA","TOTAL","EL24","2005",387110
"AGRAREA_HA","TOTAL","EL25","2005",402400
"AGRAREA_HA","TOTAL","EL30","2005",57290
"AGRAREA_HA","TOTAL","EL41","2005",192290
"AGRAREA_HA","TOTAL","EL42","2005",128440
"AGRAREA_HA","TOTAL","EL43","2005",452490
"AGRAREA_HA","TOTAL","ES","2005",24855130
"AGRAREA_HA","TOTAL","ES11","2005",732760
"AGRAREA_HA","TOTAL","ES12","2005",393150
"AGRAREA_HA","TOTAL","ES13","2005",282680
"AGRAREA_HA","TOTAL","ES21","2005",239780
"AGRAREA_HA","TOTAL","ES22","2005",588750
"AGRAREA_HA","TOTAL","ES23","2005",242230
"AGRAREA_HA","TOTAL","ES24","2005",2382550
"AGRAREA_HA","TOTAL","ES30","2005",344740
"AGRAREA_HA","TOTAL","ES41","2005",5449900
"AGRAREA_HA","TOTAL","ES42","2005",4403180
"AGRAREA_HA","TOTAL","ES43","2005",2769380
"AGRAREA_HA","TOTAL","ES51","2005",1162230
"AGRAREA_HA","TOTAL","ES52","2005",697800
"AGRAREA_HA","TOTAL","ES53","2005",206020
"AGRAREA_HA","TOTAL","ES61","2005",4502640
"AGRAREA_HA","TOTAL","ES62","2005",397150
"AGRAREA_HA","TOTAL","ES63","2005",0
"AGRAREA_HA","TOTAL","ES64","2005",0
"AGRAREA_HA","TOTAL","ES70","2005",60160
"AGRAREA_HA","TOTAL","FI","2005",2263560
"AGRAREA_HA","TOTAL","FI13","2005",336450
"AGRAREA_HA","TOTAL","FI18","2005",811300
"AGRAREA_HA","TOTAL","FI19","2005",784460
"AGRAREA_HA","TOTAL","FI1A","2005",316710
"AGRAREA_HA","TOTAL","FI20","2005",14640
"AGRAREA_HA","TOTAL","FR","2005",27590940
"AGRAREA_HA","TOTAL","FR10","2005",568190
"AGRAREA_HA","TOTAL","FR21","2005",1560770
"AGRAREA_HA","TOTAL","FR22","2005",1314080
"AGRAREA_HA","TOTAL","FR23","2005",786980
"AGRAREA_HA","TOTAL","FR24","2005",2322590
"AGRAREA_HA","TOTAL","FR25","2005",1228140
"AGRAREA_HA","TOTAL","FR26","2005",1764150
"AGRAREA_HA","TOTAL","FR30","2005",818930
"AGRAREA_HA","TOTAL","FR41","2005",1127600
"AGRAREA_HA","TOTAL","FR42","2005",330020
"AGRAREA_HA","TOTAL","FR43","2005",662360
"AGRAREA_HA","TOTAL","FR51","2005",2168740
"AGRAREA_HA","TOTAL","FR52","2005",1668240
"AGRAREA_HA","TOTAL","FR53","2005",1743320
"AGRAREA_HA","TOTAL","FR61","2005",1429360
"AGRAREA_HA","TOTAL","FR62","2005",2340250
"AGRAREA_HA","TOTAL","FR63","2005",855500
"AGRAREA_HA","TOTAL","FR71","2005",1497220
"AGRAREA_HA","TOTAL","FR72","2005",1496120
"AGRAREA_HA","TOTAL","FR81","2005",958640
"AGRAREA_HA","TOTAL","FR82","2005",670820
"AGRAREA_HA","TOTAL","FR83","2005",157680
"AGRAREA_HA","TOTAL","FR91","2005",35530
"AGRAREA_HA","TOTAL","FR92","2005",26030
"AGRAREA_HA","TOTAL","FR93","2005",16050
"AGRAREA_HA","TOTAL","FR94","2005",43640
"AGRAREA_HA","TOTAL","HU","2005",4266550
"AGRAREA_HA","TOTAL","HU10","2005",296670
"AGRAREA_HA","TOTAL","HU21","2005",471580
"AGRAREA_HA","TOTAL","HU22","2005",514020
"AGRAREA_HA","TOTAL","HU23","2005",610210
"AGRAREA_HA","TOTAL","HU31","2005",438280
"AGRAREA_HA","TOTAL","HU32","2005",926470
"AGRAREA_HA","TOTAL","HU33","2005",1009310
"AGRAREA_HA","TOTAL","IE","2005",4219380
"AGRAREA_HA","TOTAL","IE01","2005",1868950
"AGRAREA_HA","TOTAL","IE02","2005",2350430
"AGRAREA_HA","TOTAL","IT","2005",12707850
"AGRAREA_HA","TOTAL","ITC1","2005",1029190
"AGRAREA_HA","TOTAL","ITC2","2005",68390
"AGRAREA_HA","TOTAL","ITC3","2005",49080
"AGRAREA_HA","TOTAL","ITC4","2005",978670
"AGRAREA_HA","TOTAL","ITD1","2005",255670
"AGRAREA_HA","TOTAL","ITD2","2005",145410
"AGRAREA_HA","TOTAL","ITD3","2005",797570
"AGRAREA_HA","TOTAL","ITD4","2005",224520
"AGRAREA_HA","TOTAL","ITD5","2005",1029920
"AGRAREA_HA","TOTAL","ITE1","2005",809490
"AGRAREA_HA","TOTAL","ITE2","2005",337920
"AGRAREA_HA","TOTAL","ITE3","2005",497140
"AGRAREA_HA","TOTAL","ITE4","2005",684940
"AGRAREA_HA","TOTAL","ITF1","2005",425180
"AGRAREA_HA","TOTAL","ITF2","2005",212610
"AGRAREA_HA","TOTAL","ITF3","2005",563670
"AGRAREA_HA","TOTAL","ITF4","2005",1216920
"AGRAREA_HA","TOTAL","ITF5","2005",553590
"AGRAREA_HA","TOTAL","ITF6","2005",514340
"AGRAREA_HA","TOTAL","ITG1","2005",1250700
"AGRAREA_HA","TOTAL","ITG2","2005",1062940
"AGRAREA_HA","TOTAL","LT","2005",2792040
"AGRAREA_HA","TOTAL","LT00","2005",2792040
"AGRAREA_HA","TOTAL","LU","2005",129130
"AGRAREA_HA","TOTAL","LU00","2005",129130
"AGRAREA_HA","TOTAL","LV","2005",1701680
"AGRAREA_HA","TOTAL","LV00","2005",1701680
"AGRAREA_HA","TOTAL","MT","2005",10250
"AGRAREA_HA","TOTAL","MT00","2005",10250
"AGRAREA_HA","TOTAL","NL","2005",1958060
"AGRAREA_HA","TOTAL","NL11","2005",167150
"AGRAREA_HA","TOTAL","NL12","2005",239310
"AGRAREA_HA","TOTAL","NL13","2005",157450
"AGRAREA_HA","TOTAL","NL21","2005",214020
"AGRAREA_HA","TOTAL","NL22","2005",246330
"AGRAREA_HA","TOTAL","NL23","2005",91360
"AGRAREA_HA","TOTAL","NL31","2005",70570
"AGRAREA_HA","TOTAL","NL32","2005",137880
"AGRAREA_HA","TOTAL","NL33","2005",143120
"AGRAREA_HA","TOTAL","NL34","2005",121700
"AGRAREA_HA","TOTAL","NL41","2005",263540
"AGRAREA_HA","TOTAL","NL42","2005",105620
"AGRAREA_HA","TOTAL","NO","2005",1035400
"AGRAREA_HA","TOTAL","NO01","2005",80230
"AGRAREA_HA","TOTAL","NO02","2005",212480
"AGRAREA_HA","TOTAL","NO03","2005",197850
"AGRAREA_HA","TOTAL","NO04","2005",131640
"AGRAREA_HA","TOTAL","NO05","2005",149780
"AGRAREA_HA","TOTAL","NO06","2005",167060
"AGRAREA_HA","TOTAL","NO07","2005",96350
"AGRAREA_HA","TOTAL","PL","2005",14754880
"AGRAREA_HA","TOTAL","PL11","2005",1031900
"AGRAREA_HA","TOTAL","PL12","2005",1952310
"AGRAREA_HA","TOTAL","PL21","2005",648480
"AGRAREA_HA","TOTAL","PL22","2005",413830
"AGRAREA_HA","TOTAL","PL31","2005",1437660
"AGRAREA_HA","TOTAL","PL32","2005",650750
"AGRAREA_HA","TOTAL","PL33","2005",525610
"AGRAREA_HA","TOTAL","PL34","2005",1058310
"AGRAREA_HA","TOTAL","PL41","2005",1695740
"AGRAREA_HA","TOTAL","PL42","2005",861450
"AGRAREA_HA","TOTAL","PL43","2005",414680
"AGRAREA_HA","TOTAL","PL51","2005",905720
"AGRAREA_HA","TOTAL","PL52","2005",506880
"AGRAREA_HA","TOTAL","PL61","2005",1019310
"AGRAREA_HA","TOTAL","PL62","2005",933850
"AGRAREA_HA","TOTAL","PL63","2005",698400
"AGRAREA_HA","TOTAL","PT","2005",3679590
"AGRAREA_HA","TOTAL","PT11","2005",705790
"AGRAREA_HA","TOTAL","PT15","2005",106230
"AGRAREA_HA","TOTAL","PT16","2005",658040
"AGRAREA_HA","TOTAL","PT17","2005",102590
"AGRAREA_HA","TOTAL","PT18","2005",1979700
"AGRAREA_HA","TOTAL","PT20","2005",122780
"AGRAREA_HA","TOTAL","PT30","2005",4460
"AGRAREA_HA","TOTAL","RO","2005",13906700
"AGRAREA_HA","TOTAL","RO11","2005",1941420
"AGRAREA_HA","TOTAL","RO12","2005",1743230
"AGRAREA_HA","TOTAL","RO21","2005",2032950
"AGRAREA_HA","TOTAL","RO22","2005",2151210
"AGRAREA_HA","TOTAL","RO31","2005",2325760
"AGRAREA_HA","TOTAL","RO32","2005",177820
"AGRAREA_HA","TOTAL","RO41","2005",1782600
"AGRAREA_HA","TOTAL","RO42","2005",1751710
"AGRAREA_HA","TOTAL","SE","2005",3192450
"AGRAREA_HA","TOTAL","SE11","2005",100580
"AGRAREA_HA","TOTAL","SE12","2005",821780
"AGRAREA_HA","TOTAL","SE21","2005",529820
"AGRAREA_HA","TOTAL","SE22","2005",558780
"AGRAREA_HA","TOTAL","SE23","2005",675620
"AGRAREA_HA","TOTAL","SE31","2005",275020
"AGRAREA_HA","TOTAL","SE32","2005",114800
"AGRAREA_HA","TOTAL","SE33","2005",116040
"AGRAREA_HA","TOTAL","SI","2005",485430
"AGRAREA_HA","TOTAL","SI01","2005",343960
"AGRAREA_HA","TOTAL","SI02","2005",141470
"AGRAREA_HA","TOTAL","SK","2005",1879490
"AGRAREA_HA","TOTAL","SK01","2005",77410
"AGRAREA_HA","TOTAL","SK02","2005",805560
"AGRAREA_HA","TOTAL","SK03","2005",460410
"AGRAREA_HA","TOTAL","SK04","2005",536100
"AGRAREA_HA","TOTAL","UK","2005",15956960
"AGRAREA_HA","TOTAL","UKC1","2005",179590
"AGRAREA_HA","TOTAL","UKC2","2005",377870
"AGRAREA_HA","TOTAL","UKD1","2005",449880
"AGRAREA_HA","TOTAL","UKD2","2005",160920
"AGRAREA_HA","TOTAL","UKD3","2005",38570
"AGRAREA_HA","TOTAL","UKD4","2005",213350
"AGRAREA_HA","TOTAL","UKD5","2005",16570
"AGRAREA_HA","TOTAL","UKE1","2005",270960
"AGRAREA_HA","TOTAL","UKE2","2005",609740
"AGRAREA_HA","TOTAL","UKE3","2005",83560
"AGRAREA_HA","TOTAL","UKE4","2005",94940
"AGRAREA_HA","TOTAL","UKF1","2005",315840
"AGRAREA_HA","TOTAL","UKF2","2005",361750
"AGRAREA_HA","TOTAL","UKF3","2005",489970
"AGRAREA_HA","TOTAL","UKG1","2005",429980
"AGRAREA_HA","TOTAL","UKG2","2005",459230
"AGRAREA_HA","TOTAL","UKG3","2005",14220
"AGRAREA_HA","TOTAL","UKH1","2005",935720
"AGRAREA_HA","TOTAL","UKH2","2005",176080
"AGRAREA_HA","TOTAL","UKH3","2005",240710
"AGRAREA_HA","TOTAL","UKI1","2005",90
"AGRAREA_HA","TOTAL","UKI2","2005",10790
"AGRAREA_HA","TOTAL","UKJ1","2005",356580
"AGRAREA_HA","TOTAL","UKJ2","2005",265630
"AGRAREA_HA","TOTAL","UKJ3","2005",213010
"AGRAREA_HA","TOTAL","UKJ4","2005",220910
"AGRAREA_HA","TOTAL","UKK1","2005",521960
"AGRAREA_HA","TOTAL","UKK2","2005",453310
"AGRAREA_HA","TOTAL","UKK3","2005",269890
"AGRAREA_HA","TOTAL","UKK4","2005",485330
"AGRAREA_HA","TOTAL","UKL1","2005",873310
"AGRAREA_HA","TOTAL","UKL2","2005",515470
"AGRAREA_HA","TOTAL","UKM2","2005",1255430
"AGRAREA_HA","TOTAL","UKM3","2005",770950
"AGRAREA_HA","TOTAL","UKM5","2005",450030
"AGRAREA_HA","TOTAL","UKM6","2005",2360890
"AGRAREA_HA","TOTAL","UKN0","2005",1013960
