"legtype","agrarea","indic_ef","geo","time","values"
"TOTAL","TOTAL","AGRAREA_HA","AT11","2013",181970
"TOTAL","TOTAL","AGRAREA_HA","AT12","2013",908850
"TOTAL","TOTAL","AGRAREA_HA","AT13","2013",8020
"TOTAL","TOTAL","AGRAREA_HA","AT21","2013",220340
"TOTAL","TOTAL","AGRAREA_HA","AT22","2013",375180
"TOTAL","TOTAL","AGRAREA_HA","AT31","2013",517350
"TOTAL","TOTAL","AGRAREA_HA","AT32","2013",178390
"TOTAL","TOTAL","AGRAREA_HA","AT33","2013",259010
"TOTAL","TOTAL","AGRAREA_HA","AT34","2013",77780
"TOTAL","TOTAL","AGRAREA_HA","BE10","2013",2150
"TOTAL","TOTAL","AGRAREA_HA","BE21","2013",92510
"TOTAL","TOTAL","AGRAREA_HA","BE22","2013",83320
"TOTAL","TOTAL","AGRAREA_HA","BE23","2013",148700
"TOTAL","TOTAL","AGRAREA_HA","BE24","2013",85170
"TOTAL","TOTAL","AGRAREA_HA","BE25","2013",203490
"TOTAL","TOTAL","AGRAREA_HA","BE31","2013",59480
"TOTAL","TOTAL","AGRAREA_HA","BE32","2013",203180
"TOTAL","TOTAL","AGRAREA_HA","BE33","2013",151280
"TOTAL","TOTAL","AGRAREA_HA","BE34","2013",134020
"TOTAL","TOTAL","AGRAREA_HA","BE35","2013",144610
"TOTAL","TOTAL","AGRAREA_HA","BG31","2013",936770
"TOTAL","TOTAL","AGRAREA_HA","BG32","2013",793430
"TOTAL","TOTAL","AGRAREA_HA","BG33","2013",822230
"TOTAL","TOTAL","AGRAREA_HA","BG34","2013",845160
"TOTAL","TOTAL","AGRAREA_HA","BG41","2013",554470
"TOTAL","TOTAL","AGRAREA_HA","BG42","2013",698880
"TOTAL","TOTAL","AGRAREA_HA","CY00","2013",109330
"TOTAL","TOTAL","AGRAREA_HA","CZ01","2013",13270
"TOTAL","TOTAL","AGRAREA_HA","CZ02","2013",553240
"TOTAL","TOTAL","AGRAREA_HA","CZ03","2013",731710
"TOTAL","TOTAL","AGRAREA_HA","CZ04","2013",312350
"TOTAL","TOTAL","AGRAREA_HA","CZ05","2013",560550
"TOTAL","TOTAL","AGRAREA_HA","CZ06","2013",719260
"TOTAL","TOTAL","AGRAREA_HA","CZ07","2013",393960
"TOTAL","TOTAL","AGRAREA_HA","CZ08","2013",207130
"TOTAL","TOTAL","AGRAREA_HA","DK01","2013",98480
"TOTAL","TOTAL","AGRAREA_HA","DK02","2013",470050
"TOTAL","TOTAL","AGRAREA_HA","DK03","2013",773600
"TOTAL","TOTAL","AGRAREA_HA","DK04","2013",791690
"TOTAL","TOTAL","AGRAREA_HA","DK05","2013",485520
"TOTAL","TOTAL","AGRAREA_HA","EE00","2013",957510
"TOTAL","TOTAL","AGRAREA_HA","EL11","2013",432360
"TOTAL","TOTAL","AGRAREA_HA","EL12","2013",783560
"TOTAL","TOTAL","AGRAREA_HA","EL13","2013",402840
"TOTAL","TOTAL","AGRAREA_HA","EL14","2013",587180
"TOTAL","TOTAL","AGRAREA_HA","EL21","2013",177220
"TOTAL","TOTAL","AGRAREA_HA","EL22","2013",94570
"TOTAL","TOTAL","AGRAREA_HA","EL23","2013",385620
"TOTAL","TOTAL","AGRAREA_HA","EL24","2013",401810
"TOTAL","TOTAL","AGRAREA_HA","EL25","2013",471700
"TOTAL","TOTAL","AGRAREA_HA","EL30","2013",54330
"TOTAL","TOTAL","AGRAREA_HA","EL41","2013",245760
"TOTAL","TOTAL","AGRAREA_HA","EL42","2013",214010
"TOTAL","TOTAL","AGRAREA_HA","EL43","2013",605820
"TOTAL","TOTAL","AGRAREA_HA","ES11","2013",655520
"TOTAL","TOTAL","AGRAREA_HA","ES12","2013",336310
"TOTAL","TOTAL","AGRAREA_HA","ES13","2013",222950
"TOTAL","TOTAL","AGRAREA_HA","ES21","2013",187250
"TOTAL","TOTAL","AGRAREA_HA","ES22","2013",546890
"TOTAL","TOTAL","AGRAREA_HA","ES23","2013",215840
"TOTAL","TOTAL","AGRAREA_HA","ES24","2013",2261690
"TOTAL","TOTAL","AGRAREA_HA","ES30","2013",304150
"TOTAL","TOTAL","AGRAREA_HA","ES41","2013",5295680
"TOTAL","TOTAL","AGRAREA_HA","ES42","2013",4045810
"TOTAL","TOTAL","AGRAREA_HA","ES43","2013",2491730
"TOTAL","TOTAL","AGRAREA_HA","ES51","2013",1125270
"TOTAL","TOTAL","AGRAREA_HA","ES52","2013",637750
"TOTAL","TOTAL","AGRAREA_HA","ES53","2013",176280
"TOTAL","TOTAL","AGRAREA_HA","ES61","2013",4369000
"TOTAL","TOTAL","AGRAREA_HA","ES62","2013",375860
"TOTAL","TOTAL","AGRAREA_HA","ES63","2013",0
"TOTAL","TOTAL","AGRAREA_HA","ES64","2013",0
"TOTAL","TOTAL","AGRAREA_HA","ES70","2013",52210
"TOTAL","TOTAL","AGRAREA_HA","FI19","2013",791180
"TOTAL","TOTAL","AGRAREA_HA","FI1B","2013",181470
"TOTAL","TOTAL","AGRAREA_HA","FI1C","2013",618850
"TOTAL","TOTAL","AGRAREA_HA","FI1D","2013",671350
"TOTAL","TOTAL","AGRAREA_HA","FI20","2013",19550
"TOTAL","TOTAL","AGRAREA_HA","FR10","2013",571640
"TOTAL","TOTAL","AGRAREA_HA","FR21","2013",1532170
"TOTAL","TOTAL","AGRAREA_HA","FR22","2013",1316620
"TOTAL","TOTAL","AGRAREA_HA","FR23","2013",764380
"TOTAL","TOTAL","AGRAREA_HA","FR24","2013",2302910
"TOTAL","TOTAL","AGRAREA_HA","FR25","2013",1229760
"TOTAL","TOTAL","AGRAREA_HA","FR26","2013",1745500
"TOTAL","TOTAL","AGRAREA_HA","FR30","2013",813380
"TOTAL","TOTAL","AGRAREA_HA","FR41","2013",1130340
"TOTAL","TOTAL","AGRAREA_HA","FR42","2013",341790
"TOTAL","TOTAL","AGRAREA_HA","FR43","2013",669860
"TOTAL","TOTAL","AGRAREA_HA","FR51","2013",2092730
"TOTAL","TOTAL","AGRAREA_HA","FR52","2013",1643670
"TOTAL","TOTAL","AGRAREA_HA","FR53","2013",1721090
"TOTAL","TOTAL","AGRAREA_HA","FR61","2013",1454170
"TOTAL","TOTAL","AGRAREA_HA","FR62","2013",2543910
"TOTAL","TOTAL","AGRAREA_HA","FR63","2013",850390
"TOTAL","TOTAL","AGRAREA_HA","FR71","2013",1507770
"TOTAL","TOTAL","AGRAREA_HA","FR72","2013",1426760
"TOTAL","TOTAL","AGRAREA_HA","FR81","2013",1002670
"TOTAL","TOTAL","AGRAREA_HA","FR82","2013",802030
"TOTAL","TOTAL","AGRAREA_HA","FR83","2013",159000
"TOTAL","TOTAL","AGRAREA_HA","FR91","2013",30960
"TOTAL","TOTAL","AGRAREA_HA","FR92","2013",24170
"TOTAL","TOTAL","AGRAREA_HA","FR93","2013",19570
"TOTAL","TOTAL","AGRAREA_HA","FR94","2013",42200
"TOTAL","TOTAL","AGRAREA_HA","HR03","2013",467420
"TOTAL","TOTAL","AGRAREA_HA","HR04","2013",1103790
"TOTAL","TOTAL","AGRAREA_HA","HU10","2013",269810
"TOTAL","TOTAL","AGRAREA_HA","HU21","2013",522280
"TOTAL","TOTAL","AGRAREA_HA","HU22","2013",512230
"TOTAL","TOTAL","AGRAREA_HA","HU23","2013",679470
"TOTAL","TOTAL","AGRAREA_HA","HU31","2013",544330
"TOTAL","TOTAL","AGRAREA_HA","HU32","2013",1023560
"TOTAL","TOTAL","AGRAREA_HA","HU33","2013",1104840
"TOTAL","TOTAL","AGRAREA_HA","IE01","2013",2269920
"TOTAL","TOTAL","AGRAREA_HA","IE02","2013",2689540
"TOTAL","TOTAL","AGRAREA_HA","ITC1","2013",948580
"TOTAL","TOTAL","AGRAREA_HA","ITC2","2013",52490
"TOTAL","TOTAL","AGRAREA_HA","ITC3","2013",37330
"TOTAL","TOTAL","AGRAREA_HA","ITC4","2013",922320
"TOTAL","TOTAL","AGRAREA_HA","ITF1","2013",424160
"TOTAL","TOTAL","AGRAREA_HA","ITF2","2013",174200
"TOTAL","TOTAL","AGRAREA_HA","ITF3","2013",509000
"TOTAL","TOTAL","AGRAREA_HA","ITF4","2013",1184540
"TOTAL","TOTAL","AGRAREA_HA","ITF5","2013",484630
"TOTAL","TOTAL","AGRAREA_HA","ITF6","2013",498400
"TOTAL","TOTAL","AGRAREA_HA","ITG1","2013",1326110
"TOTAL","TOTAL","AGRAREA_HA","ITG2","2013",1134540
"TOTAL","TOTAL","AGRAREA_HA","ITH1","2013",227900
"TOTAL","TOTAL","AGRAREA_HA","ITH2","2013",131410
"TOTAL","TOTAL","AGRAREA_HA","ITH3","2013",796250
"TOTAL","TOTAL","AGRAREA_HA","ITH4","2013",211130
"TOTAL","TOTAL","AGRAREA_HA","ITH5","2013",1034350
"TOTAL","TOTAL","AGRAREA_HA","ITI1","2013",691340
"TOTAL","TOTAL","AGRAREA_HA","ITI2","2013",300000
"TOTAL","TOTAL","AGRAREA_HA","ITI3","2013",442620
"TOTAL","TOTAL","AGRAREA_HA","ITI4","2013",567590
"TOTAL","TOTAL","AGRAREA_HA","LT00","2013",2861250
"TOTAL","TOTAL","AGRAREA_HA","LU00","2013",131040
"TOTAL","TOTAL","AGRAREA_HA","LV00","2013",1877720
"TOTAL","TOTAL","AGRAREA_HA","MT00","2013",10880
"TOTAL","TOTAL","AGRAREA_HA","NL11","2013",162960
"TOTAL","TOTAL","AGRAREA_HA","NL12","2013",226440
"TOTAL","TOTAL","AGRAREA_HA","NL13","2013",150220
"TOTAL","TOTAL","AGRAREA_HA","NL21","2013",198730
"TOTAL","TOTAL","AGRAREA_HA","NL22","2013",232440
"TOTAL","TOTAL","AGRAREA_HA","NL23","2013",88600
"TOTAL","TOTAL","AGRAREA_HA","NL31","2013",64470
"TOTAL","TOTAL","AGRAREA_HA","NL32","2013",128040
"TOTAL","TOTAL","AGRAREA_HA","NL33","2013",128640
"TOTAL","TOTAL","AGRAREA_HA","NL34","2013",122180
"TOTAL","TOTAL","AGRAREA_HA","NL41","2013",246900
"TOTAL","TOTAL","AGRAREA_HA","NL42","2013",97940
"TOTAL","TOTAL","AGRAREA_HA","NO01","2013",78990
"TOTAL","TOTAL","AGRAREA_HA","NO02","2013",208600
"TOTAL","TOTAL","AGRAREA_HA","NO03","2013",189890
"TOTAL","TOTAL","AGRAREA_HA","NO04","2013",130030
"TOTAL","TOTAL","AGRAREA_HA","NO05","2013",138750
"TOTAL","TOTAL","AGRAREA_HA","NO06","2013",160630
"TOTAL","TOTAL","AGRAREA_HA","NO07","2013",89380
"TOTAL","TOTAL","AGRAREA_HA","PL11","2013",968400
"TOTAL","TOTAL","AGRAREA_HA","PL12","2013",1842830
"TOTAL","TOTAL","AGRAREA_HA","PL21","2013",543640
"TOTAL","TOTAL","AGRAREA_HA","PL22","2013",357630
"TOTAL","TOTAL","AGRAREA_HA","PL31","2013",1363140
"TOTAL","TOTAL","AGRAREA_HA","PL32","2013",561220
"TOTAL","TOTAL","AGRAREA_HA","PL33","2013",491470
"TOTAL","TOTAL","AGRAREA_HA","PL34","2013",1058850
"TOTAL","TOTAL","AGRAREA_HA","PL41","2013",1722960
"TOTAL","TOTAL","AGRAREA_HA","PL42","2013",839070
"TOTAL","TOTAL","AGRAREA_HA","PL43","2013",413890
"TOTAL","TOTAL","AGRAREA_HA","PL51","2013",910730
"TOTAL","TOTAL","AGRAREA_HA","PL52","2013",520990
"TOTAL","TOTAL","AGRAREA_HA","PL61","2013",1039610
"TOTAL","TOTAL","AGRAREA_HA","PL62","2013",1048740
"TOTAL","TOTAL","AGRAREA_HA","PL63","2013",726690
"TOTAL","TOTAL","AGRAREA_HA","PT11","2013",646610
"TOTAL","TOTAL","AGRAREA_HA","PT15","2013",92230
"TOTAL","TOTAL","AGRAREA_HA","PT16","2013",558020
"TOTAL","TOTAL","AGRAREA_HA","PT17","2013",74370
"TOTAL","TOTAL","AGRAREA_HA","PT18","2013",2146510
"TOTAL","TOTAL","AGRAREA_HA","PT20","2013",118590
"TOTAL","TOTAL","AGRAREA_HA","PT30","2013",5260
"TOTAL","TOTAL","AGRAREA_HA","RO11","2013",1783180
"TOTAL","TOTAL","AGRAREA_HA","RO12","2013",1693990
"TOTAL","TOTAL","AGRAREA_HA","RO21","2013",1937080
"TOTAL","TOTAL","AGRAREA_HA","RO22","2013",2092500
"TOTAL","TOTAL","AGRAREA_HA","RO31","2013",2250950
"TOTAL","TOTAL","AGRAREA_HA","RO32","2013",75570
"TOTAL","TOTAL","AGRAREA_HA","RO41","2013",1574200
"TOTAL","TOTAL","AGRAREA_HA","RO42","2013",1648380
"TOTAL","TOTAL","AGRAREA_HA","SE11","2013",92000
"TOTAL","TOTAL","AGRAREA_HA","SE12","2013",786510
"TOTAL","TOTAL","AGRAREA_HA","SE21","2013",502900
"TOTAL","TOTAL","AGRAREA_HA","SE22","2013",535970
"TOTAL","TOTAL","AGRAREA_HA","SE23","2013",652920
"TOTAL","TOTAL","AGRAREA_HA","SE31","2013",254480
"TOTAL","TOTAL","AGRAREA_HA","SE32","2013",104450
"TOTAL","TOTAL","AGRAREA_HA","SE33","2013",106680
"TOTAL","TOTAL","AGRAREA_HA","SI01","2013",342480
"TOTAL","TOTAL","AGRAREA_HA","SI02","2013",143270
"TOTAL","TOTAL","AGRAREA_HA","SK01","2013",78640
"TOTAL","TOTAL","AGRAREA_HA","SK02","2013",817390
"TOTAL","TOTAL","AGRAREA_HA","SK03","2013",465740
"TOTAL","TOTAL","AGRAREA_HA","SK04","2013",539840
"TOTAL","TOTAL","AGRAREA_HA","UKC1","2013",219640
"TOTAL","TOTAL","AGRAREA_HA","UKC2","2013",433050
"TOTAL","TOTAL","AGRAREA_HA","UKD1","2013",545030
"TOTAL","TOTAL","AGRAREA_HA","UKD3","2013",40480
"TOTAL","TOTAL","AGRAREA_HA","UKD4","2013",214500
"TOTAL","TOTAL","AGRAREA_HA","UKD6","2013",144050
"TOTAL","TOTAL","AGRAREA_HA","UKD7","2013",18320
"TOTAL","TOTAL","AGRAREA_HA","UKE1","2013",287950
"TOTAL","TOTAL","AGRAREA_HA","UKE2","2013",740140
"TOTAL","TOTAL","AGRAREA_HA","UKE3","2013",85400
"TOTAL","TOTAL","AGRAREA_HA","UKE4","2013",99160
"TOTAL","TOTAL","AGRAREA_HA","UKF1","2013",304400
"TOTAL","TOTAL","AGRAREA_HA","UKF2","2013",363520
"TOTAL","TOTAL","AGRAREA_HA","UKF3","2013",499190
"TOTAL","TOTAL","AGRAREA_HA","UKG1","2013",415450
"TOTAL","TOTAL","AGRAREA_HA","UKG2","2013",431540
"TOTAL","TOTAL","AGRAREA_HA","UKG3","2013",13180
"TOTAL","TOTAL","AGRAREA_HA","UKH1","2013",951950
"TOTAL","TOTAL","AGRAREA_HA","UKH2","2013",174770
"TOTAL","TOTAL","AGRAREA_HA","UKH3","2013",260520
"TOTAL","TOTAL","AGRAREA_HA","UKI1","2013",0
"TOTAL","TOTAL","AGRAREA_HA","UKI2","2013",11090
"TOTAL","TOTAL","AGRAREA_HA","UKJ1","2013",383600
"TOTAL","TOTAL","AGRAREA_HA","UKJ2","2013",315430
"TOTAL","TOTAL","AGRAREA_HA","UKJ3","2013",261590
"TOTAL","TOTAL","AGRAREA_HA","UKJ4","2013",221520
"TOTAL","TOTAL","AGRAREA_HA","UKK1","2013",558620
"TOTAL","TOTAL","AGRAREA_HA","UKK2","2013",494990
"TOTAL","TOTAL","AGRAREA_HA","UKK3","2013",240720
"TOTAL","TOTAL","AGRAREA_HA","UKK4","2013",516390
"TOTAL","TOTAL","AGRAREA_HA","UKL1","2013",1094040
"TOTAL","TOTAL","AGRAREA_HA","UKL2","2013",651500
"TOTAL","TOTAL","AGRAREA_HA","UKM2","2013",1247660
"TOTAL","TOTAL","AGRAREA_HA","UKM3","2013",798340
"TOTAL","TOTAL","AGRAREA_HA","UKM5","2013",478770
"TOTAL","TOTAL","AGRAREA_HA","UKM6","2013",2763560
"TOTAL","TOTAL","AGRAREA_HA","UKN0","2013",1046140
"TOTAL","TOTAL","AGRAREA_HA","AT11","2010",187890
"TOTAL","TOTAL","AGRAREA_HA","AT12","2010",911680
"TOTAL","TOTAL","AGRAREA_HA","AT13","2010",7410
"TOTAL","TOTAL","AGRAREA_HA","AT21","2010",253570
"TOTAL","TOTAL","AGRAREA_HA","AT22","2010",407260
"TOTAL","TOTAL","AGRAREA_HA","AT31","2010",529460
"TOTAL","TOTAL","AGRAREA_HA","AT32","2010",195110
"TOTAL","TOTAL","AGRAREA_HA","AT33","2010",290720
"TOTAL","TOTAL","AGRAREA_HA","AT34","2010",95070
"TOTAL","TOTAL","AGRAREA_HA","BE10","2010",270
"TOTAL","TOTAL","AGRAREA_HA","BE21","2010",89150
"TOTAL","TOTAL","AGRAREA_HA","BE22","2010",83170
"TOTAL","TOTAL","AGRAREA_HA","BE23","2010",149050
"TOTAL","TOTAL","AGRAREA_HA","BE24","2010",87580
"TOTAL","TOTAL","AGRAREA_HA","BE25","2010",207910
"TOTAL","TOTAL","AGRAREA_HA","BE31","2010",62970
"TOTAL","TOTAL","AGRAREA_HA","BE32","2010",217210
"TOTAL","TOTAL","AGRAREA_HA","BE33","2010",159160
"TOTAL","TOTAL","AGRAREA_HA","BE34","2010",143830
"TOTAL","TOTAL","AGRAREA_HA","BE35","2010",157720
"TOTAL","TOTAL","AGRAREA_HA","BG31","2010",881670
"TOTAL","TOTAL","AGRAREA_HA","BG32","2010",806130
"TOTAL","TOTAL","AGRAREA_HA","BG33","2010",804550
"TOTAL","TOTAL","AGRAREA_HA","BG34","2010",874260
"TOTAL","TOTAL","AGRAREA_HA","BG41","2010",480870
"TOTAL","TOTAL","AGRAREA_HA","BG42","2010",628040
"TOTAL","TOTAL","AGRAREA_HA","CH01","2010",157670
"TOTAL","TOTAL","AGRAREA_HA","CH02","2010",369650
"TOTAL","TOTAL","AGRAREA_HA","CH03","2010",83120
"TOTAL","TOTAL","AGRAREA_HA","CH04","2010",73470
"TOTAL","TOTAL","AGRAREA_HA","CH05","2010",216820
"TOTAL","TOTAL","AGRAREA_HA","CH06","2010",132860
"TOTAL","TOTAL","AGRAREA_HA","CH07","2010",14220
"TOTAL","TOTAL","AGRAREA_HA","CY00","2010",118400
"TOTAL","TOTAL","AGRAREA_HA","CZ01","2010",11100
"TOTAL","TOTAL","AGRAREA_HA","CZ02","2010",554520
"TOTAL","TOTAL","AGRAREA_HA","CZ03","2010",732170
"TOTAL","TOTAL","AGRAREA_HA","CZ04","2010",318850
"TOTAL","TOTAL","AGRAREA_HA","CZ05","2010",559120
"TOTAL","TOTAL","AGRAREA_HA","CZ06","2010",714590
"TOTAL","TOTAL","AGRAREA_HA","CZ07","2010",384990
"TOTAL","TOTAL","AGRAREA_HA","CZ08","2010",208150
"TOTAL","TOTAL","AGRAREA_HA","DK01","2010",98560
"TOTAL","TOTAL","AGRAREA_HA","DK02","2010",477770
"TOTAL","TOTAL","AGRAREA_HA","DK03","2010",787860
"TOTAL","TOTAL","AGRAREA_HA","DK04","2010",791780
"TOTAL","TOTAL","AGRAREA_HA","DK05","2010",490900
"TOTAL","TOTAL","AGRAREA_HA","EE00","2010",940930
"TOTAL","TOTAL","AGRAREA_HA","EL11","2010",636450
"TOTAL","TOTAL","AGRAREA_HA","EL12","2010",966770
"TOTAL","TOTAL","AGRAREA_HA","EL13","2010",307890
"TOTAL","TOTAL","AGRAREA_HA","EL14","2010",730080
"TOTAL","TOTAL","AGRAREA_HA","EL21","2010",207290
"TOTAL","TOTAL","AGRAREA_HA","EL22","2010",88450
"TOTAL","TOTAL","AGRAREA_HA","EL23","2010",400290
"TOTAL","TOTAL","AGRAREA_HA","EL24","2010",565740
"TOTAL","TOTAL","AGRAREA_HA","EL25","2010",502470
"TOTAL","TOTAL","AGRAREA_HA","EL30","2010",50910
"TOTAL","TOTAL","AGRAREA_HA","EL41","2010",168610
"TOTAL","TOTAL","AGRAREA_HA","EL42","2010",106080
"TOTAL","TOTAL","AGRAREA_HA","EL43","2010",446490
"TOTAL","TOTAL","AGRAREA_HA","ES11","2010",647600
"TOTAL","TOTAL","AGRAREA_HA","ES12","2010",363180
"TOTAL","TOTAL","AGRAREA_HA","ES13","2010",235240
"TOTAL","TOTAL","AGRAREA_HA","ES21","2010",190390
"TOTAL","TOTAL","AGRAREA_HA","ES22","2010",545520
"TOTAL","TOTAL","AGRAREA_HA","ES23","2010",230220
"TOTAL","TOTAL","AGRAREA_HA","ES24","2010",2345700
"TOTAL","TOTAL","AGRAREA_HA","ES30","2010",315260
"TOTAL","TOTAL","AGRAREA_HA","ES41","2010",5362470
"TOTAL","TOTAL","AGRAREA_HA","ES42","2010",4091440
"TOTAL","TOTAL","AGRAREA_HA","ES43","2010",2585900
"TOTAL","TOTAL","AGRAREA_HA","ES51","2010",1147530
"TOTAL","TOTAL","AGRAREA_HA","ES52","2010",657470
"TOTAL","TOTAL","AGRAREA_HA","ES53","2010",182320
"TOTAL","TOTAL","AGRAREA_HA","ES61","2010",4402760
"TOTAL","TOTAL","AGRAREA_HA","ES62","2010",394540
"TOTAL","TOTAL","AGRAREA_HA","ES63","2010",0
"TOTAL","TOTAL","AGRAREA_HA","ES64","2010",0
"TOTAL","TOTAL","AGRAREA_HA","ES70","2010",55070
"TOTAL","TOTAL","AGRAREA_HA","FI19","2010",793380
"TOTAL","TOTAL","AGRAREA_HA","FI1B","2010",184760
"TOTAL","TOTAL","AGRAREA_HA","FI1C","2010",627220
"TOTAL","TOTAL","AGRAREA_HA","FI1D","2010",665990
"TOTAL","TOTAL","AGRAREA_HA","FI20","2010",19620
"TOTAL","TOTAL","AGRAREA_HA","FR10","2010",568840
"TOTAL","TOTAL","AGRAREA_HA","FR21","2010",1536950
"TOTAL","TOTAL","AGRAREA_HA","FR22","2010",1328370
"TOTAL","TOTAL","AGRAREA_HA","FR23","2010",774550
"TOTAL","TOTAL","AGRAREA_HA","FR24","2010",2311400
"TOTAL","TOTAL","AGRAREA_HA","FR25","2010",1210810
"TOTAL","TOTAL","AGRAREA_HA","FR26","2010",1762610
"TOTAL","TOTAL","AGRAREA_HA","FR30","2010",817990
"TOTAL","TOTAL","AGRAREA_HA","FR41","2010",1138400
"TOTAL","TOTAL","AGRAREA_HA","FR42","2010",336770
"TOTAL","TOTAL","AGRAREA_HA","FR43","2010",667190
"TOTAL","TOTAL","AGRAREA_HA","FR51","2010",2103390
"TOTAL","TOTAL","AGRAREA_HA","FR52","2010",1639840
"TOTAL","TOTAL","AGRAREA_HA","FR53","2010",1721280
"TOTAL","TOTAL","AGRAREA_HA","FR61","2010",1477320
"TOTAL","TOTAL","AGRAREA_HA","FR62","2010",2540090
"TOTAL","TOTAL","AGRAREA_HA","FR63","2010",838760
"TOTAL","TOTAL","AGRAREA_HA","FR71","2010",1516680
"TOTAL","TOTAL","AGRAREA_HA","FR72","2010",1469490
"TOTAL","TOTAL","AGRAREA_HA","FR81","2010",956590
"TOTAL","TOTAL","AGRAREA_HA","FR82","2010",815450
"TOTAL","TOTAL","AGRAREA_HA","FR83","2010",179940
"TOTAL","TOTAL","AGRAREA_HA","FR91","2010",31420
"TOTAL","TOTAL","AGRAREA_HA","FR92","2010",24980
"TOTAL","TOTAL","AGRAREA_HA","FR93","2010",25350
"TOTAL","TOTAL","AGRAREA_HA","FR94","2010",42810
"TOTAL","TOTAL","AGRAREA_HA","HR03","2010",220380
"TOTAL","TOTAL","AGRAREA_HA","HR04","2010",1095630
"TOTAL","TOTAL","AGRAREA_HA","HU10","2010",259570
"TOTAL","TOTAL","AGRAREA_HA","HU21","2010",531170
"TOTAL","TOTAL","AGRAREA_HA","HU22","2010",524370
"TOTAL","TOTAL","AGRAREA_HA","HU23","2010",689440
"TOTAL","TOTAL","AGRAREA_HA","HU31","2010",523270
"TOTAL","TOTAL","AGRAREA_HA","HU32","2010",1051090
"TOTAL","TOTAL","AGRAREA_HA","HU33","2010",1107420
"TOTAL","TOTAL","AGRAREA_HA","IE01","2010",2297670
"TOTAL","TOTAL","AGRAREA_HA","IE02","2010",2693680
"TOTAL","TOTAL","AGRAREA_HA","IS00","2010",1595670
"TOTAL","TOTAL","AGRAREA_HA","ITC1","2010",1010780
"TOTAL","TOTAL","AGRAREA_HA","ITC2","2010",55600
"TOTAL","TOTAL","AGRAREA_HA","ITC3","2010",43780
"TOTAL","TOTAL","AGRAREA_HA","ITC4","2010",986830
"TOTAL","TOTAL","AGRAREA_HA","ITF1","2010",453630
"TOTAL","TOTAL","AGRAREA_HA","ITF2","2010",197520
"TOTAL","TOTAL","AGRAREA_HA","ITF3","2010",549530
"TOTAL","TOTAL","AGRAREA_HA","ITF4","2010",1285290
"TOTAL","TOTAL","AGRAREA_HA","ITF5","2010",519130
"TOTAL","TOTAL","AGRAREA_HA","ITF6","2010",549250
"TOTAL","TOTAL","AGRAREA_HA","ITG1","2010",1387520
"TOTAL","TOTAL","AGRAREA_HA","ITG2","2010",1153690
"TOTAL","TOTAL","AGRAREA_HA","ITH1","2010",240540
"TOTAL","TOTAL","AGRAREA_HA","ITH2","2010",137220
"TOTAL","TOTAL","AGRAREA_HA","ITH3","2010",811440
"TOTAL","TOTAL","AGRAREA_HA","ITH4","2010",218440
"TOTAL","TOTAL","AGRAREA_HA","ITH5","2010",1064210
"TOTAL","TOTAL","AGRAREA_HA","ITI1","2010",754340
"TOTAL","TOTAL","AGRAREA_HA","ITI2","2010",326880
"TOTAL","TOTAL","AGRAREA_HA","ITI3","2010",471830
"TOTAL","TOTAL","AGRAREA_HA","ITI4","2010",638600
"TOTAL","TOTAL","AGRAREA_HA","LT00","2010",2742560
"TOTAL","TOTAL","AGRAREA_HA","LU00","2010",131110
"TOTAL","TOTAL","AGRAREA_HA","LV00","2010",1796290
"TOTAL","TOTAL","AGRAREA_HA","ME00","2010",221300
"TOTAL","TOTAL","AGRAREA_HA","MT00","2010",11450
"TOTAL","TOTAL","AGRAREA_HA","NL11","2010",162190
"TOTAL","TOTAL","AGRAREA_HA","NL12","2010",229080
"TOTAL","TOTAL","AGRAREA_HA","NL13","2010",149940
"TOTAL","TOTAL","AGRAREA_HA","NL21","2010",202620
"TOTAL","TOTAL","AGRAREA_HA","NL22","2010",238200
"TOTAL","TOTAL","AGRAREA_HA","NL23","2010",89310
"TOTAL","TOTAL","AGRAREA_HA","NL31","2010",66630
"TOTAL","TOTAL","AGRAREA_HA","NL32","2010",130690
"TOTAL","TOTAL","AGRAREA_HA","NL33","2010",134190
"TOTAL","TOTAL","AGRAREA_HA","NL34","2010",117990
"TOTAL","TOTAL","AGRAREA_HA","NL41","2010",251400
"TOTAL","TOTAL","AGRAREA_HA","NL42","2010",100100
"TOTAL","TOTAL","AGRAREA_HA","NO01","2010",78210
"TOTAL","TOTAL","AGRAREA_HA","NO02","2010",208120
"TOTAL","TOTAL","AGRAREA_HA","NO03","2010",192310
"TOTAL","TOTAL","AGRAREA_HA","NO04","2010",130100
"TOTAL","TOTAL","AGRAREA_HA","NO05","2010",143330
"TOTAL","TOTAL","AGRAREA_HA","NO06","2010",161960
"TOTAL","TOTAL","AGRAREA_HA","NO07","2010",91910
"TOTAL","TOTAL","AGRAREA_HA","PL11","2010",957060
"TOTAL","TOTAL","AGRAREA_HA","PL12","2010",1834790
"TOTAL","TOTAL","AGRAREA_HA","PL21","2010",565200
"TOTAL","TOTAL","AGRAREA_HA","PL22","2010",357310
"TOTAL","TOTAL","AGRAREA_HA","PL31","2010",1356740
"TOTAL","TOTAL","AGRAREA_HA","PL32","2010",569520
"TOTAL","TOTAL","AGRAREA_HA","PL33","2010",503000
"TOTAL","TOTAL","AGRAREA_HA","PL34","2010",1031750
"TOTAL","TOTAL","AGRAREA_HA","PL41","2010",1722000
"TOTAL","TOTAL","AGRAREA_HA","PL42","2010",897290
"TOTAL","TOTAL","AGRAREA_HA","PL43","2010",417700
"TOTAL","TOTAL","AGRAREA_HA","PL51","2010",909470
"TOTAL","TOTAL","AGRAREA_HA","PL52","2010",509060
"TOTAL","TOTAL","AGRAREA_HA","PL61","2010",1055670
"TOTAL","TOTAL","AGRAREA_HA","PL62","2010",1028820
"TOTAL","TOTAL","AGRAREA_HA","PL63","2010",731930
"TOTAL","TOTAL","AGRAREA_HA","PT11","2010",644030
"TOTAL","TOTAL","AGRAREA_HA","PT15","2010",88300
"TOTAL","TOTAL","AGRAREA_HA","PT16","2010",570000
"TOTAL","TOTAL","AGRAREA_HA","PT17","2010",87590
"TOTAL","TOTAL","AGRAREA_HA","PT18","2010",2152390
"TOTAL","TOTAL","AGRAREA_HA","PT20","2010",120410
"TOTAL","TOTAL","AGRAREA_HA","PT30","2010",5430
"TOTAL","TOTAL","AGRAREA_HA","RO11","2010",1808350
"TOTAL","TOTAL","AGRAREA_HA","RO12","2010",1627290
"TOTAL","TOTAL","AGRAREA_HA","RO21","2010",1940160
"TOTAL","TOTAL","AGRAREA_HA","RO22","2010",2194370
"TOTAL","TOTAL","AGRAREA_HA","RO31","2010",2333680
"TOTAL","TOTAL","AGRAREA_HA","RO32","2010",62450
"TOTAL","TOTAL","AGRAREA_HA","RO41","2010",1608410
"TOTAL","TOTAL","AGRAREA_HA","RO42","2010",1731410
"TOTAL","TOTAL","AGRAREA_HA","SE11","2010",94840
"TOTAL","TOTAL","AGRAREA_HA","SE12","2010",789860
"TOTAL","TOTAL","AGRAREA_HA","SE21","2010",502800
"TOTAL","TOTAL","AGRAREA_HA","SE22","2010",545800
"TOTAL","TOTAL","AGRAREA_HA","SE23","2010",655380
"TOTAL","TOTAL","AGRAREA_HA","SE31","2010",261230
"TOTAL","TOTAL","AGRAREA_HA","SE32","2010",106400
"TOTAL","TOTAL","AGRAREA_HA","SE33","2010",110000
"TOTAL","TOTAL","AGRAREA_HA","SI01","2010",343520
"TOTAL","TOTAL","AGRAREA_HA","SI02","2010",139130
"TOTAL","TOTAL","AGRAREA_HA","SK01","2010",75810
"TOTAL","TOTAL","AGRAREA_HA","SK02","2010",812180
"TOTAL","TOTAL","AGRAREA_HA","SK03","2010",466030
"TOTAL","TOTAL","AGRAREA_HA","SK04","2010",541480
"TOTAL","TOTAL","AGRAREA_HA","UKC1","2010",205130
"TOTAL","TOTAL","AGRAREA_HA","UKC2","2010",382920
"TOTAL","TOTAL","AGRAREA_HA","UKD1","2010",554930
"TOTAL","TOTAL","AGRAREA_HA","UKD3","2010",40720
"TOTAL","TOTAL","AGRAREA_HA","UKD4","2010",210630
"TOTAL","TOTAL","AGRAREA_HA","UKD6","2010",158500
"TOTAL","TOTAL","AGRAREA_HA","UKD7","2010",17970
"TOTAL","TOTAL","AGRAREA_HA","UKE1","2010",263640
"TOTAL","TOTAL","AGRAREA_HA","UKE2","2010",674350
"TOTAL","TOTAL","AGRAREA_HA","UKE3","2010",78930
"TOTAL","TOTAL","AGRAREA_HA","UKE4","2010",101890
"TOTAL","TOTAL","AGRAREA_HA","UKF1","2010",309770
"TOTAL","TOTAL","AGRAREA_HA","UKF2","2010",357990
"TOTAL","TOTAL","AGRAREA_HA","UKF3","2010",466680
"TOTAL","TOTAL","AGRAREA_HA","UKG1","2010",421480
"TOTAL","TOTAL","AGRAREA_HA","UKG2","2010",449120
"TOTAL","TOTAL","AGRAREA_HA","UKG3","2010",14330
"TOTAL","TOTAL","AGRAREA_HA","UKH1","2010",894570
"TOTAL","TOTAL","AGRAREA_HA","UKH2","2010",169330
"TOTAL","TOTAL","AGRAREA_HA","UKH3","2010",241880
"TOTAL","TOTAL","AGRAREA_HA","UKI2","2010",11270
"TOTAL","TOTAL","AGRAREA_HA","UKJ1","2010",354640
"TOTAL","TOTAL","AGRAREA_HA","UKJ2","2010",273590
"TOTAL","TOTAL","AGRAREA_HA","UKJ3","2010",231000
"TOTAL","TOTAL","AGRAREA_HA","UKJ4","2010",215050
"TOTAL","TOTAL","AGRAREA_HA","UKK1","2010",516110
"TOTAL","TOTAL","AGRAREA_HA","UKK2","2010",448790
"TOTAL","TOTAL","AGRAREA_HA","UKK3","2010",260970
"TOTAL","TOTAL","AGRAREA_HA","UKK4","2010",504410
"TOTAL","TOTAL","AGRAREA_HA","UKL1","2010",990050
"TOTAL","TOTAL","AGRAREA_HA","UKL2","2010",609600
"TOTAL","TOTAL","AGRAREA_HA","UKM2","2010",1288230
"TOTAL","TOTAL","AGRAREA_HA","UKM3","2010",813210
"TOTAL","TOTAL","AGRAREA_HA","UKM5","2010",454640
"TOTAL","TOTAL","AGRAREA_HA","UKM6","2010",2880860
"TOTAL","TOTAL","AGRAREA_HA","UKN0","2010",1013650
"TOTAL","TOTAL","AGRAREA_HA","AT11","2007",188430
"TOTAL","TOTAL","AGRAREA_HA","AT12","2007",918360
"TOTAL","TOTAL","AGRAREA_HA","AT13","2007",7990
"TOTAL","TOTAL","AGRAREA_HA","AT21","2007",290370
"TOTAL","TOTAL","AGRAREA_HA","AT22","2007",457020
"TOTAL","TOTAL","AGRAREA_HA","AT31","2007",556720
"TOTAL","TOTAL","AGRAREA_HA","AT32","2007",236520
"TOTAL","TOTAL","AGRAREA_HA","AT33","2007",435380
"TOTAL","TOTAL","AGRAREA_HA","AT34","2007",98330
"TOTAL","TOTAL","AGRAREA_HA","BE10","2007",310
"TOTAL","TOTAL","AGRAREA_HA","BE21","2007",89880
"TOTAL","TOTAL","AGRAREA_HA","BE22","2007",84590
"TOTAL","TOTAL","AGRAREA_HA","BE23","2007",151550
"TOTAL","TOTAL","AGRAREA_HA","BE24","2007",87680
"TOTAL","TOTAL","AGRAREA_HA","BE25","2007",210100
"TOTAL","TOTAL","AGRAREA_HA","BE31","2007",64690
"TOTAL","TOTAL","AGRAREA_HA","BE32","2007",219070
"TOTAL","TOTAL","AGRAREA_HA","BE33","2007",159820
"TOTAL","TOTAL","AGRAREA_HA","BE34","2007",146200
"TOTAL","TOTAL","AGRAREA_HA","BE35","2007",160560
"TOTAL","TOTAL","AGRAREA_HA","BG31","2007",614290
"TOTAL","TOTAL","AGRAREA_HA","BG32","2007",661130
"TOTAL","TOTAL","AGRAREA_HA","BG33","2007",655260
"TOTAL","TOTAL","AGRAREA_HA","BG34","2007",561280
"TOTAL","TOTAL","AGRAREA_HA","BG41","2007",193350
"TOTAL","TOTAL","AGRAREA_HA","BG42","2007",365420
"TOTAL","TOTAL","AGRAREA_HA","CH01","2007",158500
"TOTAL","TOTAL","AGRAREA_HA","CH02","2007",372930
"TOTAL","TOTAL","AGRAREA_HA","CH03","2007",83800
"TOTAL","TOTAL","AGRAREA_HA","CH04","2007",74180
"TOTAL","TOTAL","AGRAREA_HA","CH05","2007",218960
"TOTAL","TOTAL","AGRAREA_HA","CH06","2007",134330
"TOTAL","TOTAL","AGRAREA_HA","CH07","2007",13990
"TOTAL","TOTAL","AGRAREA_HA","CY00","2007",146000
"TOTAL","TOTAL","AGRAREA_HA","CZ01","2007",32140
"TOTAL","TOTAL","AGRAREA_HA","CZ02","2007",547530
"TOTAL","TOTAL","AGRAREA_HA","CZ03","2007",734840
"TOTAL","TOTAL","AGRAREA_HA","CZ04","2007",309750
"TOTAL","TOTAL","AGRAREA_HA","CZ05","2007",554610
"TOTAL","TOTAL","AGRAREA_HA","CZ06","2007",735350
"TOTAL","TOTAL","AGRAREA_HA","CZ07","2007",393040
"TOTAL","TOTAL","AGRAREA_HA","CZ08","2007",210810
"TOTAL","TOTAL","AGRAREA_HA","DE3_5_6","2007",24760
"TOTAL","TOTAL","AGRAREA_HA","DK01","2007",98570
"TOTAL","TOTAL","AGRAREA_HA","DK02","2007",480810
"TOTAL","TOTAL","AGRAREA_HA","DK03","2007",792320
"TOTAL","TOTAL","AGRAREA_HA","DK04","2007",801190
"TOTAL","TOTAL","AGRAREA_HA","DK05","2007",489700
"TOTAL","TOTAL","AGRAREA_HA","EE00","2007",906830
"TOTAL","TOTAL","AGRAREA_HA","EL11","2007",408870
"TOTAL","TOTAL","AGRAREA_HA","EL12","2007",732960
"TOTAL","TOTAL","AGRAREA_HA","EL13","2007",261050
"TOTAL","TOTAL","AGRAREA_HA","EL14","2007",456300
"TOTAL","TOTAL","AGRAREA_HA","EL21","2007",143600
"TOTAL","TOTAL","AGRAREA_HA","EL22","2007",94230
"TOTAL","TOTAL","AGRAREA_HA","EL23","2007",370580
"TOTAL","TOTAL","AGRAREA_HA","EL24","2007",377180
"TOTAL","TOTAL","AGRAREA_HA","EL25","2007",409670
"TOTAL","TOTAL","AGRAREA_HA","EL30","2007",51260
"TOTAL","TOTAL","AGRAREA_HA","EL41","2007",200120
"TOTAL","TOTAL","AGRAREA_HA","EL42","2007",120990
"TOTAL","TOTAL","AGRAREA_HA","EL43","2007",449410
"TOTAL","TOTAL","AGRAREA_HA","ES11","2007",748660
"TOTAL","TOTAL","AGRAREA_HA","ES12","2007",385060
"TOTAL","TOTAL","AGRAREA_HA","ES13","2007",285730
"TOTAL","TOTAL","AGRAREA_HA","ES21","2007",242780
"TOTAL","TOTAL","AGRAREA_HA","ES22","2007",588350
"TOTAL","TOTAL","AGRAREA_HA","ES23","2007",244760
"TOTAL","TOTAL","AGRAREA_HA","ES24","2007",2398270
"TOTAL","TOTAL","AGRAREA_HA","ES30","2007",343190
"TOTAL","TOTAL","AGRAREA_HA","ES41","2007",5471310
"TOTAL","TOTAL","AGRAREA_HA","ES42","2007",4468990
"TOTAL","TOTAL","AGRAREA_HA","ES43","2007",2700730
"TOTAL","TOTAL","AGRAREA_HA","ES51","2007",1166540
"TOTAL","TOTAL","AGRAREA_HA","ES52","2007",686570
"TOTAL","TOTAL","AGRAREA_HA","ES53","2007",194260
"TOTAL","TOTAL","AGRAREA_HA","ES61","2007",4508820
"TOTAL","TOTAL","AGRAREA_HA","ES62","2007",400220
"TOTAL","TOTAL","AGRAREA_HA","ES63","2007",0
"TOTAL","TOTAL","AGRAREA_HA","ES64","2007",0
"TOTAL","TOTAL","AGRAREA_HA","ES70","2007",58240
"TOTAL","TOTAL","AGRAREA_HA","FI13","2007",339500
"TOTAL","TOTAL","AGRAREA_HA","FI18","2007",813740
"TOTAL","TOTAL","AGRAREA_HA","FI19","2007",793230
"TOTAL","TOTAL","AGRAREA_HA","FI1A","2007",325880
"TOTAL","TOTAL","AGRAREA_HA","FI1B","2007",186810
"TOTAL","TOTAL","AGRAREA_HA","FI1C","2007",626930
"TOTAL","TOTAL","AGRAREA_HA","FI1D","2007",665380
"TOTAL","TOTAL","AGRAREA_HA","FI20","2007",19930
"TOTAL","TOTAL","AGRAREA_HA","FR10","2007",562470
"TOTAL","TOTAL","AGRAREA_HA","FR21","2007",1569030
"TOTAL","TOTAL","AGRAREA_HA","FR22","2007",1318030
"TOTAL","TOTAL","AGRAREA_HA","FR23","2007",787990
"TOTAL","TOTAL","AGRAREA_HA","FR24","2007",2296180
"TOTAL","TOTAL","AGRAREA_HA","FR25","2007",1224990
"TOTAL","TOTAL","AGRAREA_HA","FR26","2007",1758210
"TOTAL","TOTAL","AGRAREA_HA","FR30","2007",818700
"TOTAL","TOTAL","AGRAREA_HA","FR41","2007",1128060
"TOTAL","TOTAL","AGRAREA_HA","FR42","2007",332540
"TOTAL","TOTAL","AGRAREA_HA","FR43","2007",663440
"TOTAL","TOTAL","AGRAREA_HA","FR51","2007",2174460
"TOTAL","TOTAL","AGRAREA_HA","FR52","2007",1658100
"TOTAL","TOTAL","AGRAREA_HA","FR53","2007",1722340
"TOTAL","TOTAL","AGRAREA_HA","FR61","2007",1411170
"TOTAL","TOTAL","AGRAREA_HA","FR62","2007",2343860
"TOTAL","TOTAL","AGRAREA_HA","FR63","2007",856230
"TOTAL","TOTAL","AGRAREA_HA","FR71","2007",1482890
"TOTAL","TOTAL","AGRAREA_HA","FR72","2007",1499120
"TOTAL","TOTAL","AGRAREA_HA","FR81","2007",942970
"TOTAL","TOTAL","AGRAREA_HA","FR82","2007",656020
"TOTAL","TOTAL","AGRAREA_HA","FR83","2007",149030
"TOTAL","TOTAL","AGRAREA_HA","FR91","2007",34790
"TOTAL","TOTAL","AGRAREA_HA","FR92","2007",25330
"TOTAL","TOTAL","AGRAREA_HA","FR93","2007",16940
"TOTAL","TOTAL","AGRAREA_HA","FR94","2007",44030
"TOTAL","TOTAL","AGRAREA_HA","HR03","2007",114720
"TOTAL","TOTAL","AGRAREA_HA","HR04","2007",863960
"TOTAL","TOTAL","AGRAREA_HA","HU10","2007",303010
"TOTAL","TOTAL","AGRAREA_HA","HU21","2007",491960
"TOTAL","TOTAL","AGRAREA_HA","HU22","2007",472210
"TOTAL","TOTAL","AGRAREA_HA","HU23","2007",623570
"TOTAL","TOTAL","AGRAREA_HA","HU31","2007",433590
"TOTAL","TOTAL","AGRAREA_HA","HU32","2007",946620
"TOTAL","TOTAL","AGRAREA_HA","HU33","2007",957620
"TOTAL","TOTAL","AGRAREA_HA","IE01","2007",1819440
"TOTAL","TOTAL","AGRAREA_HA","IE02","2007",2319800
"TOTAL","TOTAL","AGRAREA_HA","ITC1","2007",1040180
"TOTAL","TOTAL","AGRAREA_HA","ITC2","2007",67880
"TOTAL","TOTAL","AGRAREA_HA","ITC3","2007",49410
"TOTAL","TOTAL","AGRAREA_HA","ITC4","2007",995320
"TOTAL","TOTAL","AGRAREA_HA","ITD1","2007",258010
"TOTAL","TOTAL","AGRAREA_HA","ITD2","2007",141130
"TOTAL","TOTAL","AGRAREA_HA","ITD3","2007",820200
"TOTAL","TOTAL","AGRAREA_HA","ITD4","2007",228060
"TOTAL","TOTAL","AGRAREA_HA","ITD5","2007",1052590
"TOTAL","TOTAL","AGRAREA_HA","ITE1","2007",806430
"TOTAL","TOTAL","AGRAREA_HA","ITE2","2007",339400
"TOTAL","TOTAL","AGRAREA_HA","ITE3","2007",496420
"TOTAL","TOTAL","AGRAREA_HA","ITE4","2007",674010
"TOTAL","TOTAL","AGRAREA_HA","ITF1","2007",434010
"TOTAL","TOTAL","AGRAREA_HA","ITF2","2007",200260
"TOTAL","TOTAL","AGRAREA_HA","ITF3","2007",562880
"TOTAL","TOTAL","AGRAREA_HA","ITF4","2007",1197380
"TOTAL","TOTAL","AGRAREA_HA","ITF5","2007",542260
"TOTAL","TOTAL","AGRAREA_HA","ITF6","2007",514050
"TOTAL","TOTAL","AGRAREA_HA","ITG1","2007",1251850
"TOTAL","TOTAL","AGRAREA_HA","ITG2","2007",1072470
"TOTAL","TOTAL","AGRAREA_HA","ITH1","2007",258010
"TOTAL","TOTAL","AGRAREA_HA","ITH2","2007",141130
"TOTAL","TOTAL","AGRAREA_HA","ITH3","2007",820200
"TOTAL","TOTAL","AGRAREA_HA","ITH4","2007",228060
"TOTAL","TOTAL","AGRAREA_HA","ITH5","2007",1065170
"TOTAL","TOTAL","AGRAREA_HA","ITI1","2007",806430
"TOTAL","TOTAL","AGRAREA_HA","ITI2","2007",339400
"TOTAL","TOTAL","AGRAREA_HA","ITI3","2007",483830
"TOTAL","TOTAL","AGRAREA_HA","ITI4","2007",674010
"TOTAL","TOTAL","AGRAREA_HA","LT00","2007",2648950
"TOTAL","TOTAL","AGRAREA_HA","LU00","2007",130880
"TOTAL","TOTAL","AGRAREA_HA","LV00","2007",1773840
"TOTAL","TOTAL","AGRAREA_HA","MT00","2007",10330
"TOTAL","TOTAL","AGRAREA_HA","NL11","2007",162180
"TOTAL","TOTAL","AGRAREA_HA","NL12","2007",234180
"TOTAL","TOTAL","AGRAREA_HA","NL13","2007",152170
"TOTAL","TOTAL","AGRAREA_HA","NL21","2007",209660
"TOTAL","TOTAL","AGRAREA_HA","NL22","2007",242940
"TOTAL","TOTAL","AGRAREA_HA","NL23","2007",90820
"TOTAL","TOTAL","AGRAREA_HA","NL31","2007",69950
"TOTAL","TOTAL","AGRAREA_HA","NL32","2007",132160
"TOTAL","TOTAL","AGRAREA_HA","NL33","2007",140880
"TOTAL","TOTAL","AGRAREA_HA","NL34","2007",120020
"TOTAL","TOTAL","AGRAREA_HA","NL41","2007",256850
"TOTAL","TOTAL","AGRAREA_HA","NL42","2007",102510
"TOTAL","TOTAL","AGRAREA_HA","NO01","2007",79620
"TOTAL","TOTAL","AGRAREA_HA","NO02","2007",212190
"TOTAL","TOTAL","AGRAREA_HA","NO03","2007",196940
"TOTAL","TOTAL","AGRAREA_HA","NO04","2007",132180
"TOTAL","TOTAL","AGRAREA_HA","NO05","2007",147940
"TOTAL","TOTAL","AGRAREA_HA","NO06","2007",165910
"TOTAL","TOTAL","AGRAREA_HA","NO07","2007",97210
"TOTAL","TOTAL","AGRAREA_HA","PL11","2007",1075090
"TOTAL","TOTAL","AGRAREA_HA","PL12","2007",2029600
"TOTAL","TOTAL","AGRAREA_HA","PL21","2007",661730
"TOTAL","TOTAL","AGRAREA_HA","PL22","2007",404260
"TOTAL","TOTAL","AGRAREA_HA","PL31","2007",1530840
"TOTAL","TOTAL","AGRAREA_HA","PL32","2007",712630
"TOTAL","TOTAL","AGRAREA_HA","PL33","2007",558980
"TOTAL","TOTAL","AGRAREA_HA","PL34","2007",1093270
"TOTAL","TOTAL","AGRAREA_HA","PL41","2007",1746110
"TOTAL","TOTAL","AGRAREA_HA","PL42","2007",916010
"TOTAL","TOTAL","AGRAREA_HA","PL43","2007",457290
"TOTAL","TOTAL","AGRAREA_HA","PL51","2007",1007900
"TOTAL","TOTAL","AGRAREA_HA","PL52","2007",552730
"TOTAL","TOTAL","AGRAREA_HA","PL61","2007",1031090
"TOTAL","TOTAL","AGRAREA_HA","PL62","2007",966100
"TOTAL","TOTAL","AGRAREA_HA","PL63","2007",733560
"TOTAL","TOTAL","AGRAREA_HA","PT11","2007",694990
"TOTAL","TOTAL","AGRAREA_HA","PT15","2007",102760
"TOTAL","TOTAL","AGRAREA_HA","PT16","2007",584290
"TOTAL","TOTAL","AGRAREA_HA","PT17","2007",81900
"TOTAL","TOTAL","AGRAREA_HA","PT18","2007",1893090
"TOTAL","TOTAL","AGRAREA_HA","PT20","2007",112050
"TOTAL","TOTAL","AGRAREA_HA","PT30","2007",3860
"TOTAL","TOTAL","AGRAREA_HA","RO11","2007",1962060
"TOTAL","TOTAL","AGRAREA_HA","RO12","2007",1762930
"TOTAL","TOTAL","AGRAREA_HA","RO21","2007",2087970
"TOTAL","TOTAL","AGRAREA_HA","RO22","2007",2187990
"TOTAL","TOTAL","AGRAREA_HA","RO31","2007",2255530
"TOTAL","TOTAL","AGRAREA_HA","RO32","2007",187700
"TOTAL","TOTAL","AGRAREA_HA","RO41","2007",1629490
"TOTAL","TOTAL","AGRAREA_HA","RO42","2007",1679380
"TOTAL","TOTAL","AGRAREA_HA","SE11","2007",97470
"TOTAL","TOTAL","AGRAREA_HA","SE12","2007",802040
"TOTAL","TOTAL","AGRAREA_HA","SE21","2007",518400
"TOTAL","TOTAL","AGRAREA_HA","SE22","2007",551140
"TOTAL","TOTAL","AGRAREA_HA","SE23","2007",660860
"TOTAL","TOTAL","AGRAREA_HA","SE31","2007",266950
"TOTAL","TOTAL","AGRAREA_HA","SE32","2007",110100
"TOTAL","TOTAL","AGRAREA_HA","SE33","2007",111050
"TOTAL","TOTAL","AGRAREA_HA","SI01","2007",340010
"TOTAL","TOTAL","AGRAREA_HA","SI02","2007",148760
"TOTAL","TOTAL","AGRAREA_HA","SK01","2007",72990
"TOTAL","TOTAL","AGRAREA_HA","SK02","2007",834950
"TOTAL","TOTAL","AGRAREA_HA","SK03","2007",480710
"TOTAL","TOTAL","AGRAREA_HA","SK04","2007",547970
"TOTAL","TOTAL","AGRAREA_HA","UKC1","2007",179840
"TOTAL","TOTAL","AGRAREA_HA","UKC2","2007",379690
"TOTAL","TOTAL","AGRAREA_HA","UKD1","2007",449290
"TOTAL","TOTAL","AGRAREA_HA","UKD2","2007",164600
"TOTAL","TOTAL","AGRAREA_HA","UKD3","2007",36970
"TOTAL","TOTAL","AGRAREA_HA","UKD4","2007",216020
"TOTAL","TOTAL","AGRAREA_HA","UKD5","2007",16950
"TOTAL","TOTAL","AGRAREA_HA","UKD6","2007",162740
"TOTAL","TOTAL","AGRAREA_HA","UKD7","2007",18810
"TOTAL","TOTAL","AGRAREA_HA","UKE1","2007",267770
"TOTAL","TOTAL","AGRAREA_HA","UKE2","2007",604250
"TOTAL","TOTAL","AGRAREA_HA","UKE3","2007",77640
"TOTAL","TOTAL","AGRAREA_HA","UKE4","2007",93420
"TOTAL","TOTAL","AGRAREA_HA","UKF1","2007",317710
"TOTAL","TOTAL","AGRAREA_HA","UKF2","2007",366470
"TOTAL","TOTAL","AGRAREA_HA","UKF3","2007",488500
"TOTAL","TOTAL","AGRAREA_HA","UKG1","2007",429680
"TOTAL","TOTAL","AGRAREA_HA","UKG2","2007",460580
"TOTAL","TOTAL","AGRAREA_HA","UKG3","2007",14300
"TOTAL","TOTAL","AGRAREA_HA","UKH1","2007",911600
"TOTAL","TOTAL","AGRAREA_HA","UKH2","2007",168730
"TOTAL","TOTAL","AGRAREA_HA","UKH3","2007",237450
"TOTAL","TOTAL","AGRAREA_HA","UKI1","2007",180
"TOTAL","TOTAL","AGRAREA_HA","UKI2","2007",11240
"TOTAL","TOTAL","AGRAREA_HA","UKJ1","2007",356870
"TOTAL","TOTAL","AGRAREA_HA","UKJ2","2007",269670
"TOTAL","TOTAL","AGRAREA_HA","UKJ3","2007",215120
"TOTAL","TOTAL","AGRAREA_HA","UKJ4","2007",221180
"TOTAL","TOTAL","AGRAREA_HA","UKK1","2007",525370
"TOTAL","TOTAL","AGRAREA_HA","UKK2","2007",461760
"TOTAL","TOTAL","AGRAREA_HA","UKK3","2007",265190
"TOTAL","TOTAL","AGRAREA_HA","UKK4","2007",487180
"TOTAL","TOTAL","AGRAREA_HA","UKL1","2007",861380
"TOTAL","TOTAL","AGRAREA_HA","UKL2","2007",511520
"TOTAL","TOTAL","AGRAREA_HA","UKM2","2007",1297730
"TOTAL","TOTAL","AGRAREA_HA","UKM3","2007",774750
"TOTAL","TOTAL","AGRAREA_HA","UKM5","2007",465710
"TOTAL","TOTAL","AGRAREA_HA","UKM6","2007",2429970
"TOTAL","TOTAL","AGRAREA_HA","UKN0","2007",1006890
"TOTAL","TOTAL","AGRAREA_HA","AT11","2005",189100
"TOTAL","TOTAL","AGRAREA_HA","AT12","2005",940940
"TOTAL","TOTAL","AGRAREA_HA","AT13","2005",8390
"TOTAL","TOTAL","AGRAREA_HA","AT21","2005",305960
"TOTAL","TOTAL","AGRAREA_HA","AT22","2005",463930
"TOTAL","TOTAL","AGRAREA_HA","AT31","2005",565070
"TOTAL","TOTAL","AGRAREA_HA","AT32","2005",267040
"TOTAL","TOTAL","AGRAREA_HA","AT33","2005",419070
"TOTAL","TOTAL","AGRAREA_HA","AT34","2005",106750
"TOTAL","TOTAL","AGRAREA_HA","BE10","2005",350
"TOTAL","TOTAL","AGRAREA_HA","BE21","2005",90530
"TOTAL","TOTAL","AGRAREA_HA","BE22","2005",85520
"TOTAL","TOTAL","AGRAREA_HA","BE23","2005",153110
"TOTAL","TOTAL","AGRAREA_HA","BE24","2005",88050
"TOTAL","TOTAL","AGRAREA_HA","BE25","2005",212480
"TOTAL","TOTAL","AGRAREA_HA","BE31","2005",63460
"TOTAL","TOTAL","AGRAREA_HA","BE32","2005",220600
"TOTAL","TOTAL","AGRAREA_HA","BE33","2005",159190
"TOTAL","TOTAL","AGRAREA_HA","BE34","2005",147460
"TOTAL","TOTAL","AGRAREA_HA","BE35","2005",164830
"TOTAL","TOTAL","AGRAREA_HA","BG31","2005",535420
"TOTAL","TOTAL","AGRAREA_HA","BG32","2005",576710
"TOTAL","TOTAL","AGRAREA_HA","BG33","2005",640460
"TOTAL","TOTAL","AGRAREA_HA","BG34","2005",537710
"TOTAL","TOTAL","AGRAREA_HA","BG41","2005",138270
"TOTAL","TOTAL","AGRAREA_HA","BG42","2005",300820
"TOTAL","TOTAL","AGRAREA_HA","CH01","2005",160110
"TOTAL","TOTAL","AGRAREA_HA","CH02","2005",374060
"TOTAL","TOTAL","AGRAREA_HA","CH03","2005",83650
"TOTAL","TOTAL","AGRAREA_HA","CH04","2005",74600
"TOTAL","TOTAL","AGRAREA_HA","CH05","2005",220220
"TOTAL","TOTAL","AGRAREA_HA","CH06","2005",135180
"TOTAL","TOTAL","AGRAREA_HA","CH07","2005",13850
"TOTAL","TOTAL","AGRAREA_HA","CY00","2005",151500
"TOTAL","TOTAL","AGRAREA_HA","CZ01","2005",34310
"TOTAL","TOTAL","AGRAREA_HA","CZ02","2005",549880
"TOTAL","TOTAL","AGRAREA_HA","CZ03","2005",750270
"TOTAL","TOTAL","AGRAREA_HA","CZ04","2005",312670
"TOTAL","TOTAL","AGRAREA_HA","CZ05","2005",558760
"TOTAL","TOTAL","AGRAREA_HA","CZ06","2005",740060
"TOTAL","TOTAL","AGRAREA_HA","CZ07","2005",392350
"TOTAL","TOTAL","AGRAREA_HA","CZ08","2005",219470
"TOTAL","TOTAL","AGRAREA_HA","DE3_5_6","2005",24790
"TOTAL","TOTAL","AGRAREA_HA","DK01","2005",101700
"TOTAL","TOTAL","AGRAREA_HA","DK02","2005",491480
"TOTAL","TOTAL","AGRAREA_HA","DK03","2005",809400
"TOTAL","TOTAL","AGRAREA_HA","DK04","2005",821610
"TOTAL","TOTAL","AGRAREA_HA","DK05","2005",483500
"TOTAL","TOTAL","AGRAREA_HA","EE00","2005",828930
"TOTAL","TOTAL","AGRAREA_HA","EL11","2005",397880
"TOTAL","TOTAL","AGRAREA_HA","EL12","2005",701280
"TOTAL","TOTAL","AGRAREA_HA","EL13","2005",233450
"TOTAL","TOTAL","AGRAREA_HA","EL14","2005",440290
"TOTAL","TOTAL","AGRAREA_HA","EL21","2005",123380
"TOTAL","TOTAL","AGRAREA_HA","EL22","2005",95920
"TOTAL","TOTAL","AGRAREA_HA","EL23","2005",371580
"TOTAL","TOTAL","AGRAREA_HA","EL24","2005",387110
"TOTAL","TOTAL","AGRAREA_HA","EL25","2005",402400
"TOTAL","TOTAL","AGRAREA_HA","EL30","2005",57290
"TOTAL","TOTAL","AGRAREA_HA","EL41","2005",192290
"TOTAL","TOTAL","AGRAREA_HA","EL42","2005",128440
"TOTAL","TOTAL","AGRAREA_HA","EL43","2005",452490
"TOTAL","TOTAL","AGRAREA_HA","ES11","2005",732760
"TOTAL","TOTAL","AGRAREA_HA","ES12","2005",393150
"TOTAL","TOTAL","AGRAREA_HA","ES13","2005",282680
"TOTAL","TOTAL","AGRAREA_HA","ES21","2005",239780
"TOTAL","TOTAL","AGRAREA_HA","ES22","2005",588750
"TOTAL","TOTAL","AGRAREA_HA","ES23","2005",242230
"TOTAL","TOTAL","AGRAREA_HA","ES24","2005",2382550
"TOTAL","TOTAL","AGRAREA_HA","ES30","2005",344740
"TOTAL","TOTAL","AGRAREA_HA","ES41","2005",5449900
"TOTAL","TOTAL","AGRAREA_HA","ES42","2005",4403180
"TOTAL","TOTAL","AGRAREA_HA","ES43","2005",2769380
"TOTAL","TOTAL","AGRAREA_HA","ES51","2005",1162230
"TOTAL","TOTAL","AGRAREA_HA","ES52","2005",697800
"TOTAL","TOTAL","AGRAREA_HA","ES53","2005",206020
"TOTAL","TOTAL","AGRAREA_HA","ES61","2005",4502640
"TOTAL","TOTAL","AGRAREA_HA","ES62","2005",397150
"TOTAL","TOTAL","AGRAREA_HA","ES63","2005",0
"TOTAL","TOTAL","AGRAREA_HA","ES64","2005",0
"TOTAL","TOTAL","AGRAREA_HA","ES70","2005",60160
"TOTAL","TOTAL","AGRAREA_HA","FI13","2005",336450
"TOTAL","TOTAL","AGRAREA_HA","FI18","2005",811300
"TOTAL","TOTAL","AGRAREA_HA","FI19","2005",784460
"TOTAL","TOTAL","AGRAREA_HA","FI1A","2005",316710
"TOTAL","TOTAL","AGRAREA_HA","FI20","2005",14640
"TOTAL","TOTAL","AGRAREA_HA","FR10","2005",568190
"TOTAL","TOTAL","AGRAREA_HA","FR21","2005",1560770
"TOTAL","TOTAL","AGRAREA_HA","FR22","2005",1314080
"TOTAL","TOTAL","AGRAREA_HA","FR23","2005",786980
"TOTAL","TOTAL","AGRAREA_HA","FR24","2005",2322590
"TOTAL","TOTAL","AGRAREA_HA","FR25","2005",1228140
"TOTAL","TOTAL","AGRAREA_HA","FR26","2005",1764150
"TOTAL","TOTAL","AGRAREA_HA","FR30","2005",818930
"TOTAL","TOTAL","AGRAREA_HA","FR41","2005",1127600
"TOTAL","TOTAL","AGRAREA_HA","FR42","2005",330020
"TOTAL","TOTAL","AGRAREA_HA","FR43","2005",662360
"TOTAL","TOTAL","AGRAREA_HA","FR51","2005",2168740
"TOTAL","TOTAL","AGRAREA_HA","FR52","2005",1668240
"TOTAL","TOTAL","AGRAREA_HA","FR53","2005",1743320
"TOTAL","TOTAL","AGRAREA_HA","FR61","2005",1429360
"TOTAL","TOTAL","AGRAREA_HA","FR62","2005",2340250
"TOTAL","TOTAL","AGRAREA_HA","FR63","2005",855500
"TOTAL","TOTAL","AGRAREA_HA","FR71","2005",1497220
"TOTAL","TOTAL","AGRAREA_HA","FR72","2005",1496120
"TOTAL","TOTAL","AGRAREA_HA","FR81","2005",958640
"TOTAL","TOTAL","AGRAREA_HA","FR82","2005",670820
"TOTAL","TOTAL","AGRAREA_HA","FR83","2005",157680
"TOTAL","TOTAL","AGRAREA_HA","FR91","2005",35530
"TOTAL","TOTAL","AGRAREA_HA","FR92","2005",26030
"TOTAL","TOTAL","AGRAREA_HA","FR93","2005",16050
"TOTAL","TOTAL","AGRAREA_HA","FR94","2005",43640
"TOTAL","TOTAL","AGRAREA_HA","HU10","2005",296670
"TOTAL","TOTAL","AGRAREA_HA","HU21","2005",471580
"TOTAL","TOTAL","AGRAREA_HA","HU22","2005",514020
"TOTAL","TOTAL","AGRAREA_HA","HU23","2005",610210
"TOTAL","TOTAL","AGRAREA_HA","HU31","2005",438280
"TOTAL","TOTAL","AGRAREA_HA","HU32","2005",926470
"TOTAL","TOTAL","AGRAREA_HA","HU33","2005",1009310
"TOTAL","TOTAL","AGRAREA_HA","IE01","2005",1868950
"TOTAL","TOTAL","AGRAREA_HA","IE02","2005",2350430
"TOTAL","TOTAL","AGRAREA_HA","ITC1","2005",1029190
"TOTAL","TOTAL","AGRAREA_HA","ITC2","2005",68390
"TOTAL","TOTAL","AGRAREA_HA","ITC3","2005",49080
"TOTAL","TOTAL","AGRAREA_HA","ITC4","2005",978670
"TOTAL","TOTAL","AGRAREA_HA","ITD1","2005",255670
"TOTAL","TOTAL","AGRAREA_HA","ITD2","2005",145410
"TOTAL","TOTAL","AGRAREA_HA","ITD3","2005",797570
"TOTAL","TOTAL","AGRAREA_HA","ITD4","2005",224520
"TOTAL","TOTAL","AGRAREA_HA","ITD5","2005",1029920
"TOTAL","TOTAL","AGRAREA_HA","ITE1","2005",809490
"TOTAL","TOTAL","AGRAREA_HA","ITE2","2005",337920
"TOTAL","TOTAL","AGRAREA_HA","ITE3","2005",497140
"TOTAL","TOTAL","AGRAREA_HA","ITE4","2005",684940
"TOTAL","TOTAL","AGRAREA_HA","ITF1","2005",425180
"TOTAL","TOTAL","AGRAREA_HA","ITF2","2005",212610
"TOTAL","TOTAL","AGRAREA_HA","ITF3","2005",563670
"TOTAL","TOTAL","AGRAREA_HA","ITF4","2005",1216920
"TOTAL","TOTAL","AGRAREA_HA","ITF5","2005",553590
"TOTAL","TOTAL","AGRAREA_HA","ITF6","2005",514340
"TOTAL","TOTAL","AGRAREA_HA","ITG1","2005",1250700
"TOTAL","TOTAL","AGRAREA_HA","ITG2","2005",1062940
"TOTAL","TOTAL","AGRAREA_HA","LT00","2005",2792040
"TOTAL","TOTAL","AGRAREA_HA","LU00","2005",129130
"TOTAL","TOTAL","AGRAREA_HA","LV00","2005",1701680
"TOTAL","TOTAL","AGRAREA_HA","MT00","2005",10250
"TOTAL","TOTAL","AGRAREA_HA","NL11","2005",167150
"TOTAL","TOTAL","AGRAREA_HA","NL12","2005",239310
"TOTAL","TOTAL","AGRAREA_HA","NL13","2005",157450
"TOTAL","TOTAL","AGRAREA_HA","NL21","2005",214020
"TOTAL","TOTAL","AGRAREA_HA","NL22","2005",246330
"TOTAL","TOTAL","AGRAREA_HA","NL23","2005",91360
"TOTAL","TOTAL","AGRAREA_HA","NL31","2005",70570
"TOTAL","TOTAL","AGRAREA_HA","NL32","2005",137880
"TOTAL","TOTAL","AGRAREA_HA","NL33","2005",143120
"TOTAL","TOTAL","AGRAREA_HA","NL34","2005",121700
"TOTAL","TOTAL","AGRAREA_HA","NL41","2005",263540
"TOTAL","TOTAL","AGRAREA_HA","NL42","2005",105620
"TOTAL","TOTAL","AGRAREA_HA","NO01","2005",80230
"TOTAL","TOTAL","AGRAREA_HA","NO02","2005",212480
"TOTAL","TOTAL","AGRAREA_HA","NO03","2005",197850
"TOTAL","TOTAL","AGRAREA_HA","NO04","2005",131640
"TOTAL","TOTAL","AGRAREA_HA","NO05","2005",149780
"TOTAL","TOTAL","AGRAREA_HA","NO06","2005",167060
"TOTAL","TOTAL","AGRAREA_HA","NO07","2005",96350
"TOTAL","TOTAL","AGRAREA_HA","PL11","2005",1031900
"TOTAL","TOTAL","AGRAREA_HA","PL12","2005",1952310
"TOTAL","TOTAL","AGRAREA_HA","PL21","2005",648480
"TOTAL","TOTAL","AGRAREA_HA","PL22","2005",413830
"TOTAL","TOTAL","AGRAREA_HA","PL31","2005",1437660
"TOTAL","TOTAL","AGRAREA_HA","PL32","2005",650750
"TOTAL","TOTAL","AGRAREA_HA","PL33","2005",525610
"TOTAL","TOTAL","AGRAREA_HA","PL34","2005",1058310
"TOTAL","TOTAL","AGRAREA_HA","PL41","2005",1695740
"TOTAL","TOTAL","AGRAREA_HA","PL42","2005",861450
"TOTAL","TOTAL","AGRAREA_HA","PL43","2005",414680
"TOTAL","TOTAL","AGRAREA_HA","PL51","2005",905720
"TOTAL","TOTAL","AGRAREA_HA","PL52","2005",506880
"TOTAL","TOTAL","AGRAREA_HA","PL61","2005",1019310
"TOTAL","TOTAL","AGRAREA_HA","PL62","2005",933850
"TOTAL","TOTAL","AGRAREA_HA","PL63","2005",698400
"TOTAL","TOTAL","AGRAREA_HA","PT11","2005",705790
"TOTAL","TOTAL","AGRAREA_HA","PT15","2005",106230
"TOTAL","TOTAL","AGRAREA_HA","PT16","2005",658040
"TOTAL","TOTAL","AGRAREA_HA","PT17","2005",102590
"TOTAL","TOTAL","AGRAREA_HA","PT18","2005",1979700
"TOTAL","TOTAL","AGRAREA_HA","PT20","2005",122780
"TOTAL","TOTAL","AGRAREA_HA","PT30","2005",4460
"TOTAL","TOTAL","AGRAREA_HA","RO11","2005",1941420
"TOTAL","TOTAL","AGRAREA_HA","RO12","2005",1743230
"TOTAL","TOTAL","AGRAREA_HA","RO21","2005",2032950
"TOTAL","TOTAL","AGRAREA_HA","RO22","2005",2151210
"TOTAL","TOTAL","AGRAREA_HA","RO31","2005",2325760
"TOTAL","TOTAL","AGRAREA_HA","RO32","2005",177820
"TOTAL","TOTAL","AGRAREA_HA","RO41","2005",1782600
"TOTAL","TOTAL","AGRAREA_HA","RO42","2005",1751710
"TOTAL","TOTAL","AGRAREA_HA","SE11","2005",100580
"TOTAL","TOTAL","AGRAREA_HA","SE12","2005",821780
"TOTAL","TOTAL","AGRAREA_HA","SE21","2005",529820
"TOTAL","TOTAL","AGRAREA_HA","SE22","2005",558780
"TOTAL","TOTAL","AGRAREA_HA","SE23","2005",675620
"TOTAL","TOTAL","AGRAREA_HA","SE31","2005",275020
"TOTAL","TOTAL","AGRAREA_HA","SE32","2005",114800
"TOTAL","TOTAL","AGRAREA_HA","SE33","2005",116040
"TOTAL","TOTAL","AGRAREA_HA","SI01","2005",343960
"TOTAL","TOTAL","AGRAREA_HA","SI02","2005",141470
"TOTAL","TOTAL","AGRAREA_HA","SK01","2005",77410
"TOTAL","TOTAL","AGRAREA_HA","SK02","2005",805560
"TOTAL","TOTAL","AGRAREA_HA","SK03","2005",460410
"TOTAL","TOTAL","AGRAREA_HA","SK04","2005",536100
"TOTAL","TOTAL","AGRAREA_HA","UKC1","2005",179590
"TOTAL","TOTAL","AGRAREA_HA","UKC2","2005",377870
"TOTAL","TOTAL","AGRAREA_HA","UKD1","2005",449880
"TOTAL","TOTAL","AGRAREA_HA","UKD2","2005",160920
"TOTAL","TOTAL","AGRAREA_HA","UKD3","2005",38570
"TOTAL","TOTAL","AGRAREA_HA","UKD4","2005",213350
"TOTAL","TOTAL","AGRAREA_HA","UKD5","2005",16570
"TOTAL","TOTAL","AGRAREA_HA","UKE1","2005",270960
"TOTAL","TOTAL","AGRAREA_HA","UKE2","2005",609740
"TOTAL","TOTAL","AGRAREA_HA","UKE3","2005",83560
"TOTAL","TOTAL","AGRAREA_HA","UKE4","2005",94940
"TOTAL","TOTAL","AGRAREA_HA","UKF1","2005",315840
"TOTAL","TOTAL","AGRAREA_HA","UKF2","2005",361750
"TOTAL","TOTAL","AGRAREA_HA","UKF3","2005",489970
"TOTAL","TOTAL","AGRAREA_HA","UKG1","2005",429980
"TOTAL","TOTAL","AGRAREA_HA","UKG2","2005",459230
"TOTAL","TOTAL","AGRAREA_HA","UKG3","2005",14220
"TOTAL","TOTAL","AGRAREA_HA","UKH1","2005",935720
"TOTAL","TOTAL","AGRAREA_HA","UKH2","2005",176080
"TOTAL","TOTAL","AGRAREA_HA","UKH3","2005",240710
"TOTAL","TOTAL","AGRAREA_HA","UKI1","2005",90
"TOTAL","TOTAL","AGRAREA_HA","UKI2","2005",10790
"TOTAL","TOTAL","AGRAREA_HA","UKJ1","2005",356580
"TOTAL","TOTAL","AGRAREA_HA","UKJ2","2005",265630
"TOTAL","TOTAL","AGRAREA_HA","UKJ3","2005",213010
"TOTAL","TOTAL","AGRAREA_HA","UKJ4","2005",220910
"TOTAL","TOTAL","AGRAREA_HA","UKK1","2005",521960
"TOTAL","TOTAL","AGRAREA_HA","UKK2","2005",453310
"TOTAL","TOTAL","AGRAREA_HA","UKK3","2005",269890
"TOTAL","TOTAL","AGRAREA_HA","UKK4","2005",485330
"TOTAL","TOTAL","AGRAREA_HA","UKL1","2005",873310
"TOTAL","TOTAL","AGRAREA_HA","UKL2","2005",515470
"TOTAL","TOTAL","AGRAREA_HA","UKM2","2005",1255430
"TOTAL","TOTAL","AGRAREA_HA","UKM3","2005",770950
"TOTAL","TOTAL","AGRAREA_HA","UKM5","2005",450030
"TOTAL","TOTAL","AGRAREA_HA","UKM6","2005",2360890
"TOTAL","TOTAL","AGRAREA_HA","UKN0","2005",1013960
